Accession Code (sample#),Lake Name,Date,Z max (m),Sample Z (m),NH4+ (mg/L),NO3- (mg/L)
9446846,Big Moose,30-Jun-94,22.8,6,0.03,1.3
9446867,Big Moose,25-Jul-94,23,6,0.03,1.21
9446984,Big Moose,30-Aug-94,22.4,9,0.06,1.06
9546852,Big Moose,20-Jun-95,17.5,4,0.12,1.63
9546871,Big Moose,7-Aug-95,22,7,0.08,1.59
9546971,Big Moose,12-Sep-95,22.8,10,0.02,1.26
9646742,Big Moose,26-Jun-96,18.6,3,0.01,0.8
9646828,Big Moose,23-Jul-96,22,6,0.03,0.97
9646900,Big Moose,20-Aug-96,21.8,5,0.01,0.98
9746863,Big Moose,9-Jul-97,22,5,0.01,1.42
9746935,Big Moose,19-Aug-97,21.3,6,0.01,1.11
9846646,Big Moose,14-Jul-98,21,4,0.02,0.75
9846718,Big Moose,17-Aug-98,22.5,6,0.02,0.62
9946145,Big Moose,30-Jun-99,18,4,0.03,1.11
9946219,Big Moose,24-Aug-99,19,6,0.02,0.97
10046548,Big Moose,19-Jul-00,21.6,7,0.01,0.64
10046621,Big Moose,23-Aug-00,22.5,8,0.03,0.54
10146056,Big Moose,18-Jul-01,22.5,6,0.02,0.86
10146135,Big Moose,8-Aug-01,21.3,4,0.01,0.78
10246056,Big Moose,14-Aug-02,21.2,6,0.03,0.92
10246138,Big Moose,17-Sep-02,21.3,9,0.03,0.91
10346057,Big Moose,16-Jul-03,22,6,0.02,0.79
10346145,Big Moose,13-Aug-03,,,0.01,0.81
10346178,Big Moose,5-Sep-03,20,7,0.02,0.72
10446059,Big Moose,7-Jul-04,22.5,6,0.02,0.93
10446143,Big Moose,10-Aug-04,24,6,0.01,0.68
10546058,Big Moose,20-Jul-05,23.3,4,0.01,0.75
10546144,Big Moose,17-Aug-05,23.2,5,0.01,0.54
10646058,Big Moose,17-Jul-06,22.6,4,0.01,0.35
10646144,Big Moose,16-Aug-06,20.5,6,0.02,0.24
10746022,Big Moose,12-Jul-07,21,5,0.02,1.37
10746064,Big Moose,31-Jul-07,21,6,0.01,0.11
10846023,Big Moose,1-Jul-08,20.9,5,0.04,0.66
10846065,Big Moose,4-Aug-08,20.5,6,0.03,0.47
11046023,Big Moose,8-Jul-10,21,1,0.03,0.11
11046066,Big Moose,18-Aug-10,22.5,6,0.03,0.02
11146022,Big Moose,12-Jul-11,21.5,5,0.03,0.23
11146061,Big Moose,9-Aug-11,21,5,0.01,1.741
11246021,Big Moose,9-Jul-12,21,4,0.042,0.886
11246061,Big Moose,7-Aug-12,18,6,0.045,0.54
9446859,Big Moose,30-Jun-94,22.8,21,0.06,1.6
9446868,Big Moose,25-Jul-94,23,22,0.12,1.52
9446985,Big Moose,30-Aug-94,22.4,20,0.12,1.48
9546854,Big Moose,20-Jun-95,17.5,17,0.04,1.34
9546872,Big Moose,7-Aug-95,22,21,0.12,2.26
9546972,Big Moose,12-Sep-95,22.8,22,0.17,1.53
9646743,Big Moose,26-Jun-96,18.6,17,0.04,1.2
9646830,Big Moose,23-Jul-96,22,20,0.08,1.56
9646901,Big Moose,20-Aug-96,21.8,20,0.09,1.56
9746864,Big Moose,9-Jul-97,22,20,0.04,1.77
9746937,Big Moose,19-Aug-97,21.3,20,0.05,1.55
9846647,Big Moose,14-Jul-98,21,20,0.04,1.5
9846719,Big Moose,17-Aug-98,22.5,21,0.1,0.31
9946146,Big Moose,30-Jun-99,18,17,0.05,1.33
9946220,Big Moose,24-Aug-99,19,17,0.08,1.24
10046549,Big Moose,19-Jul-00,21.6,21,0.06,1.11
10046622,Big Moose,23-Aug-00,22.5,21,0.13,1.03
10146057,Big Moose,18-Jul-01,22.5,21,0.1,1.18
10146136,Big Moose,8-Aug-01,21.3,19,0.12,1.24
10246057,Big Moose,14-Aug-02,21.2,20,0.09,1.12
10246139,Big Moose,17-Sep-02,21.3,20,0.14,1.01
10346059,Big Moose,16-Jul-03,22,21,0.09,1.49
10346146,Big Moose,13-Aug-03,,,0.1,1.36
10346179,Big Moose,5-Sep-03,20,18,0.12,1.37
10446060,Big Moose,7-Jul-04,22.5,21,0.09,1.19
10446145,Big Moose,10-Aug-04,24,21,,0.94
10546059,Big Moose,20-Jul-05,23.3,22,0.12,1.05
10546145,Big Moose,17-Aug-05,23.2,22,0.16,0.96
10646059,Big Moose,17-Jul-06,22.6,21,0.1,0.9
10646145,Big Moose,16-Aug-06,20.5,19,0.14,0.79
10746023,Big Moose,12-Jul-07,21,18,0.07,1.71
10746065,Big Moose,31-Jul-07,21,21,0.08,1.27
10846024,Big Moose,1-Jul-08,20.9,19,0.09,0.8
10846066,Big Moose,4-Aug-08,20.5,19,0.23,0.79
11046024,Big Moose,8-Jul-10,21,19,0.16,0.54
11046067,Big Moose,18-Aug-10,22.5,21,0.44,0.44
11146023,Big Moose,12-Jul-11,21.5,20,0.13,1.036
11146062,Big Moose,9-Aug-11,21,20,0.16,0.78
11246022,Big Moose,9-Jul-12,21,17,0.087,1.351
11246062,Big Moose,7-Aug-12,18,17,0.17,0.89
9446822,Brooktrout,13-Jul-94,20,5,0.03,0.79
9446893,Brooktrout,26-Jul-94,23,5,0.09,0.75
9446926,Brooktrout,22-Aug-94,24.3,7,0.03,0.73
9546803,Brooktrout,12-Jun-95,19.5,4,0.04,1.01
9546903,Brooktrout,14-Aug-95,24.5,9,0.06,1.11
9546942,Brooktrout,5-Sep-95,20,10,0.04,0.64
9646721,Brooktrout,27-Jun-96,21.9,10,0.01,0.73
9646776,Brooktrout,17-Jul-96,21.5,4,0.01,0.62
9646846,Brooktrout,13-Aug-96,20.2,5,0.01,0.55
9746809,Brooktrout,7-Jul-97,21.5,4,0.01,0.44
9746882,Brooktrout,11-Aug-97,23.5,4,0.01,0.31
9846622,Brooktrout,7-Jul-98,23,3,0,0.43
9846694,Brooktrout,12-Aug-98,24.5,5,0.01,0.04
9946123,Brooktrout,6-Jul-99,21,4,0.01,0.35
9946194,Brooktrout,16-Aug-99,24,6,0.01,0.09
10046522,Brooktrout,11-Jul-00,24.5,4,0,0.02
10046594,Brooktrout,14-Aug-00,24,4,0,0.02
10146027,Brooktrout,9-Jul-01,22.3,5,0,0.47
10146107,Brooktrout,5-Sep-01,23.8,6,0.01,0.02
10246026,Brooktrout,12-Sep-02,14.5,7,0,0.04
10246110,Brooktrout,19-Sep-02,20,6,0.01,0.04
10346024,Brooktrout,8-Jul-03,20.5,3,0,0.07
10346110,Brooktrout,5-Aug-03,21.5,4,0,0.06
10446024,Brooktrout,12-Jul-04,21,4,0.04,0.63
10446110,Brooktrout,2-Aug-04,17,4,0.04,0.56
10546025,Brooktrout,11-Jul-05,23.5,4,0.01,0.71
10546109,Brooktrout,8-Aug-05,23,4,0.01,0.52
10646024,Brooktrout,11-Jul-06,23,3,0.01,0.35
10646109,Brooktrout,9-Aug-06,24.5,4,0.01,0.06
10746009,Brooktrout,17-Jul-07,23.2,5,0.01,0.89
10746050,Brooktrout,2-Aug-07,23,4,0.01,0.75
10846009,Brooktrout,2-Jul-08,24.5,4,0.03,0.28
10846050,Brooktrout,7-Aug-08,24.3,5,0.01,0.13
11046009,Brooktrout,15-Jul-10,21,5,0.04,0.11
11046052,Brooktrout,10-Aug-10,22.8,5,0.01,0.02
11146007,Brooktrout,19-Jul-11,21.5,3,0.05,0.266
11146048,Brooktrout,17-Aug-11,22,6,0.05,0.251
11246007,Brooktrout,19-Jul-12,19,5,0.051,0.655
11246048,Brooktrout,14-Aug-12,21.5,6,0.02,0.376
9446824,Brooktrout,13-Jul-94,20,17,0.03,0.89
9446894,Brooktrout,26-Jul-94,23,22,0.1,0.86
9446927,Brooktrout,22-Aug-94,24.3,23,0.03,0.8
9546804,Brooktrout,12-Jun-95,19.5,18,0.05,1.01
9546904,Brooktrout,14-Aug-95,24.5,24,0.07,1.23
9546943,Brooktrout,5-Sep-95,20,18,0.05,0.81
9646722,Brooktrout,27-Jun-96,21.9,20,0.09,0.93
9646777,Brooktrout,17-Jul-96,21.5,20,0.07,0.91
9646848,Brooktrout,13-Aug-96,20.2,19,0.12,0.89
9746810,Brooktrout,7-Jul-97,21.5,20,0.12,1.06
9746883,Brooktrout,11-Aug-97,23.5,22,0.01,0.8
9846623,Brooktrout,7-Jul-98,23,22,0.23,0.58
9846695,Brooktrout,12-Aug-98,24.5,23,0.24,0.8
9946124,Brooktrout,6-Jul-99,21,20,0.01,0.49
9946195,Brooktrout,16-Aug-99,24,22,0.31,0.31
10046523,Brooktrout,11-Jul-00,24.5,23,0.21,0.48
10046595,Brooktrout,14-Aug-00,24,23,0.22,0.4
10146028,Brooktrout,9-Jul-01,22.3,21,0.35,0.23
10146108,Brooktrout,5-Sep-01,23.8,22,0.25,0.02
10246027,Brooktrout,12-Sep-02,14.5,13,0.23,0.42
10246111,Brooktrout,19-Sep-02,20,20,0.54,0.28
10346026,Brooktrout,8-Jul-03,20.5,18,0.28,0.46
10346111,Brooktrout,5-Aug-03,21.5,20,0.39,0.36
10446025,Brooktrout,12-Jul-04,21,20,0.26,0.52
10446111,Brooktrout,2-Aug-04,17,16,0.3,0.54
10546026,Brooktrout,11-Jul-05,23.5,22,0.2,0.72
10546110,Brooktrout,8-Aug-05,23,22,0.2,0.65
10646025,Brooktrout,11-Jul-06,23,22,0.13,0.68
10646110,Brooktrout,9-Aug-06,24.5,23,0.3,0.58
10746010,Brooktrout,17-Jul-07,23.2,22,0.15,1.06
10746051,Brooktrout,2-Aug-07,23,22,0.11,0.91
10846010,Brooktrout,2-Jul-08,24.5,23,0.12,0.27
10846051,Brooktrout,7-Aug-08,24.3,23,0.27,0.49
11046010,Brooktrout,15-Jul-10,21,22,0.21,0.32
11046053,Brooktrout,10-Aug-10,22.75,21,0.47,0.31
11146008,Brooktrout,19-Jul-11,21.5,20,0.18,0.456
11146049,Brooktrout,17-Aug-11,22,20,0.29,0.509
11246008,Brooktrout,19-Jul-12,19,18,0.101,0.886
11246049,Brooktrout,14-Aug-12,21.5,20,0.128,0.704
9446825,Carry,14-Jul-94,4.3,4,,0.05
9446886,Carry,26-Jul-94,4,3,0.03,0.07
9446923,Carry,22-Aug-94,4,3,,0.07
9546800,Carry,12-Jun-95,4,3.5,0.13,0.16
9546902,Carry,14-Aug-95,3.8,3.5,0.02,0.02
9546941,Carry,5-Sep-95,3.8,3.5,0.01,0.02
9646720,Carry,27-Jun-96,4.5,2,0.03,0.03
9646774,Carry,17-Jul-96,4.3,2,0.01,0.02
9646844,Carry,13-Aug-96,4.3,3,0.01,0.09
9746807,Carry,7-Jul-97,3.8,3,0.03,0.09
9746880,Carry,11-Aug-97,4,3.5,0.01,0.04
9846620,Carry,7-Jul-98,4.6,4,0.03,0.15
9846692,Carry,12-Aug-98,4.2,3,0.01,0.09
9946120,Carry,6-Jul-99,4.2,3,0.06,0.27
9946192,Carry,16-Aug-99,3.8,3,0.12,0.27
10046519,Carry,11-Jul-00,4.3,4,0.01,0.02
10046592,Carry,14-Aug-00,3.9,3,0,0.02
10146023,Carry,9-Jul-01,3.8,3,0.05,0.02
10146105,Carry,5-Sep-01,3.4,3,0.1,0.02
10246024,Carry,12-Sep-02,4.1,4,0,0.02
10246108,Carry,20-Sep-02,4,3.5,0.01,0.06
10346022,Carry,8-Jul-03,4,3.5,0.01,0.06
10346108,Carry,5-Aug-03,3.9,3.5,0.01,0.06
10446022,Carry,12-Jul-04,4.5,4,0.01,0.06
10446107,Carry,2-Aug-04,4.3,4,0.03,0.06
10546022,Carry,11-Jul-05,4.6,3.5,0.01,0.06
10546107,Carry,8-Aug-05,4.2,4,0.01,0.06
10646022,Carry,11-Jul-06,4.5,2,0.08,0.06
10646106,Carry,8-Aug-06,4.4,2,0.01,0.06
9646765,Carry,27-Jun-96,4.5,4,0.07,0.09
9646775,Carry,17-Jul-96,4.3,3.5,0.03,0.02
9946122,Carry,6-Jul-99,4.2,4,0.06,0.04
10646023,Carry,11-Jul-06,4.5,3,,0.06
10646108,Carry,8-Aug-06,4.4,3,0.15,0.06
9446810,Cascade,20-Jun-94,5.8,5,0.03,1.73
9446865,Cascade,25-Jul-94,5.7,5,0.03,1.29
9446928,Cascade,22-Aug-94,6.1,5,0.03,0.94
9546810,Cascade,13-Jun-95,5.3,5,0.05,1.71
9546905,Cascade,15-Aug-95,5.8,5,0.02,1.39
9546944,Cascade,6-Sep-95,5.7,5.5,0.01,0.72
9646723,Cascade,18-Jun-96,5.9,2,0.01,1.86
9646778,Cascade,17-Jul-96,6,4,0.02,1.61
9646849,Cascade,13-Aug-96,6,5,0.01,1.28
9746811,Cascade,7-Jul-97,5.5,4,0.01,1.11
9746884,Cascade,11-Aug-97,5.8,5,0.03,1.2
9846624,Cascade,7-Jul-98,6.2,3,0,1.12
9846696,Cascade,11-Aug-98,5.7,5,0.01,0.84
9946125,Cascade,7-Jul-99,5.8,5,0.01,1.15
9946196,Cascade,17-Aug-99,5.6,5,0.01,0.71
10046524,Cascade,11-Jul-00,5.8,5,0.01,1
10046596,Cascade,15-Aug-00,5.7,5,0.02,0.64
10146029,Cascade,9-Jul-01,5.8,5,0,1.28
10146109,Cascade,6-Sep-01,5,5,0.01,0.69
10246028,Cascade,27-Aug-02,5.8,5,0.01,0.68
10246166,Cascade,17-Sep-02,5.5,5,0.01,0.45
10346028,Cascade,10-Jul-03,5.5,4,0.01,1.3
10346112,Cascade,7-Aug-03,5.6,5,0.01,0.94
10446026,Cascade,21-Jul-04,5.7,5,0.04,1.02
10446112,Cascade,4-Aug-04,5.5,5,0.02,0.88
10546027,Cascade,13-Jul-05,5.6,5,0.01,1.15
10546111,Cascade,10-Aug-05,5.5,5,0.01,0.72
10646026,Cascade,14-Jul-06,5.6,4,0.01,0.58
10646112,Cascade,10-Aug-06,6.1,5,0.02,0.43
10746011,Cascade,12-Jul-07,5.5,4,0.01,1.41
10746052,Cascade,1-Aug-07,5.7,5,0.01,1.15
10846011,Cascade,1-Jul-08,6,5,0.03,0.66
10846053,Cascade,5-Aug-08,5.8,5,0.02,0.38
11046011,Cascade,13-Jul-10,5.5,5,0.02,0.46
11046054,Cascade,11-Aug-10,5.5,5,0.02,0.25
11146009,Cascade,11-Jul-11,5.9,3,0.03,0.73
11146050,Cascade,9-Aug-11,5.7,4,0,0.39
11246009,Cascade,10-Jul-12,5.7,4,0.01,1.342
11246050,Cascade,7-Aug-12,5,5,0.056,0.775
9646724,Cascade,18-Jun-96,5.9,5,0.01,1.96
9646779,Cascade,17-Jul-96,6,5,0.01,1.61
9846626,Cascade,7-Jul-98,6.2,5,0.01,0.9
10346029,Cascade,10-Jul-03,5.5,5,0.01,1.04
10646027,Cascade,14-Jul-06,5.6,5,0.03,0.5
10746012,Cascade,12-Jul-07,5.5,5,0.02,1.28
11146010,Cascade,11-Jul-11,5.9,5,0.02,0.509
11146051,Cascade,9-Aug-11,5.7,5,0.02,0.111
11246011,Cascade,10-Jul-12,5.7,5,0.013,0.775
9446802,Constable,20-Jun-94,3.8,3,0.03,1.09
9446864,Constable,25-Jul-94,3.9,3,0.08,0.54
9446947,Constable,23-Aug-94,4,3,0.03,0.36
9546812,Constable,13-Jun-95,3.9,3,0.05,1.11
9546914,Constable,15-Aug-95,4,3.5,0.05,0.89
9546951,Constable,6-Sep-95,4.4,3.5,0.05,0.37
9646731,Constable,18-Jun-96,4,2.5,0.01,1.11
9646785,Constable,18-Jul-96,3.9,3,0.02,0.83
9646855,Constable,15-Aug-96,3.7,3,0.03,0.72
9746818,Constable,10-Jul-97,4,3,0.01,1.02
9746891,Constable,12-Aug-97,4,3,0.03,0.49
9846633,Constable,8-Jul-98,4.2,2,0,0.69
9846705,Constable,11-Aug-98,3.8,2,0.02,0.44
9946134,Constable,7-Jul-99,4.1,3,0.03,0.53
9946204,Constable,17-Aug-99,4.5,3,0.03,0.22
10046533,Constable,12-Jul-00,3.9,2,0.01,0.36
10046605,Constable,15-Aug-00,4,3,0.01,0.16
10146038,Constable,10-Jul-01,3.7,3,0.02,0.57
10146118,Constable,6-Sep-01,4.2,3,0.02,0.44
10246036,Constable,28-Aug-02,3.9,3.5,0.02,0.16
10246169,Constable,24-Sep-02,3.9,3.5,0.04,0.19
10346036,Constable,10-Jul-03,3.7,3.5,0.02,0.37
10346121,Constable,7-Aug-03,4.2,2,0.01,0.22
10446035,Constable,21-Jul-04,4.3,2,0.01,0.22
10446121,Constable,4-Aug-04,4.2,2.5,0.01,0.06
10546035,Constable,13-Jul-05,4.1,2,0.01,0.38
10546120,Constable,10-Aug-05,4.1,2,0.02,0.25
10646035,Constable,14-Jul-06,4.6,3,0.01,0.21
10646122,Constable,10-Aug-06,4.1,2.5,0.03,0.06
9646786,Constable,18-Jul-96,3.9,3.5,0.05,0.98
9746819,Constable,10-Jul-97,4,3.5,0.01,1.28
9746892,Constable,12-Aug-97,4,3.5,0.05,0.44
9846634,Constable,8-Jul-98,4.2,3.5,0.06,0.53
9846706,Constable,11-Aug-98,3.8,3,0.05,0.4
10046534,Constable,12-Jul-00,3.9,3,0.01,0.46
10046606,Constable,15-Aug-00,4,4,0.1,0.17
10146120,Constable,6-Sep-01,4.2,3.5,0.03,0.24
10346122,Constable,7-Aug-03,4.2,3.5,0.1,0.23
10446036,Constable,21-Jul-04,4.3,4,0.17,0.06
10446122,Constable,4-Aug-04,4.2,4,,0.06
10546036,Constable,13-Jul-05,4.1,3,0.02,0.38
10546121,Constable,10-Aug-05,4.1,3.5,0.06,0.3
10646036,Constable,14-Jul-06,4.6,4,0.06,0.2
10646123,Constable,10-Aug-06,4.1,3,0.12,0.06
9446839,Dart,28-Jun-94,16.5,5,0.03,1.39
9446869,Dart,25-Jul-94,15.2,5,0.03,1.2
9446959,Dart,24-Aug-94,16,7,0.03,1.09
9546851,Dart,20-Jun-95,14.5,3,0.04,1.31
9546892,Dart,9-Aug-95,15.3,6,0.05,1.26
9546987,Dart,13-Sep-95,15.7,8,0.02,1.23
9646753,Dart,26-Jun-96,17,5,0.01,0.89
9646819,Dart,22-Jul-96,15.5,6,0.01,0.81
9646891,Dart,20-Aug-96,15.4,5,0.01,0.99
9746854,Dart,9-Jul-97,15.3,4,0.04,1.51
9746926,Dart,19-Aug-97,15,5,0.01,1.15
9846658,Dart,13-Jul-98,15.3,5,0,0.81
9846730,Dart,17-Aug-98,15.3,4,0.01,0.71
9946156,Dart,30-Jun-99,15.8,3,0.02,1.06
9946231,Dart,23-Aug-99,15.8,5,0,0.84
10046560,Dart,13-Jul-00,16.9,5,0.01,0.68
10046633,Dart,23-Aug-00,16.5,7,0.01,0.55
10146068,Dart,18-Jul-01,16.8,4,0,0.9
10146148,Dart,8-Aug-01,16.1,3,0,0.97
10246070,Dart,13-Aug-02,16,4,0.03,0.9
10246152,Dart,10-Sep-02,15.5,6,0.01,0.93
10346073,Dart,16-Jul-03,15.7,3,0.03,0.95
10346159,Dart,13-Aug-03,,,0.01,0.86
10346186,Dart,5-Sep-03,16,6,0.02,0.75
10446072,Dart,6-Jul-04,15.5,1,0.01,0.92
10446157,Dart,11-Aug-04,15.8,6,0.01,0.7
10546073,Dart,19-Jul-05,16.5,4,0.01,0.86
10546158,Dart,16-Aug-05,15.5,4,0.01,0.6
10646072,Dart,17-Jul-06,16,3,0.01,0.38
10646159,Dart,15-Aug-06,15.5,6,0.01,
10746031,Dart,39276,15.7,4,0.02,1.4
10746073,Dart,39294,16.2,3,0.01,1.01
10846032,Dart,39629,17.5,3,0.04,0.67
10846073,Dart,39666,16.5,5,0.02,0.51
11046032,Dart,40366,15.5,1,0.02,0.11
11046074,Dart,40402,16,5,0.03,0.23
11146030,Dart,14-Jul-11,14,4,0.03,0.3
11146070,Dart,9-Aug-11,14.5,4,0.02,0.24
11246031,Dart,10-Jul-12,15,4,0.039,0.704
11246070,Dart,7-Aug-12,16,4,0.022,0.585
9446852,Dart,28-Jun-94,16.5,15,0.14,1.43
9446870,Dart,25-Jul-94,15.2,14,0.21,1.28
9446960,Dart,24-Aug-94,16,15,0.49,0.62
9546853,Dart,20-Jun-95,14.5,14,0.06,1.37
9546893,Dart,9-Aug-95,15.3,14,0.09,1.59
9546988,Dart,13-Sep-95,15.7,15,0.32,0.25
9646754,Dart,26-Jun-96,17,16,0.22,0.89
9646821,Dart,22-Jul-96,15.5,14,0.18,1.19
9646892,Dart,20-Aug-96,15.4,14,0.4,0.84
9746855,Dart,9-Jul-97,15.3,14,0.09,1.42
9746928,Dart,19-Aug-97,15,14,0.19,1.2
9846659,Dart,13-Jul-98,15.3,14,0.06,1.36
9846731,Dart,17-Aug-98,15.3,14,0.47,1.06
9946157,Dart,30-Jun-99,15.75,15,0.24,0.89
9946232,Dart,23-Aug-99,15.75,15,0.22,0.27
10046562,Dart,13-Jul-00,16.9,16,0.27,0.88
10046634,Dart,23-Aug-00,16.5,16,0.55,0.55
10146069,Dart,18-Jul-01,16.75,16,0.32,1.12
10146149,Dart,8-Aug-01,16.1,15,0.3,0.9
10246071,Dart,13-Aug-02,16,15,0.36,0.43
10246153,Dart,10-Sep-02,15.5,15,0.53,0.08
10346074,Dart,16-Jul-03,15.7,15,0.21,1.34
10346161,Dart,13-Aug-03,,,0.47,0.77
10346187,Dart,5-Sep-03,16,15,0.46,0.66
10446073,Dart,6-Jul-04,15.5,14,0.23,0.94
10446159,Dart,11-Aug-04,15.8,14,0.44,0.61
10546074,Dart,19-Jul-05,16.5,15,0.2,0.85
10546159,Dart,16-Aug-05,15.5,14,0.32,0.62
10646074,Dart,17-Jul-06,16,15,0.19,0.79
10646160,Dart,15-Aug-06,15.5,15,0.58,0.14
10746032,Dart,13-Jul-07,15.7,15,0.12,1.61
10746074,Dart,31-Jul-07,16.2,15,0.21,0.93
10846033,Dart,30-Jun-08,17.5,13,0.1,0.87
10846074,Dart,6-Aug-08,16.5,15,0.17,0.57
11046033,Dart,7-Jul-10,15.5,14,0.3,0.52
11046075,Dart,12-Aug-10,16,15,0.43,0.11
11146031,Dart,14-Jul-11,14,13,0.33,0.536
11146071,Dart,9-Aug-11,14.5,14,0.53,0.111
11246032,Dart,10-Jul-12,15,13,0.145,0.824
11246071,Dart,7-Aug-12,16,14,0.338,0.62
9446812,G,21-Jun-94,7.8,2,0.03,0.56
9446889,G,26-Jul-94,9,4,0.03,0.05
9446924,G,22-Aug-94,10.1,6,0.03,0.05
9546801,G,12-Jun-95,8.3,4,0.1,1.42
9546900,G,14-Aug-95,9.5,4,0.01,0.29
9546939,G,5-Sep-95,9.6,6,0.01,0.02
9646718,G,27-Jun-96,8.9,3,0.01,0.4
9646771,G,17-Jul-96,8.8,3,0.01,0.09
9646842,G,13-Aug-96,9.4,7,0.01,0.02
9746805,G,7-Jul-97,9,4,0.01,0.84
9746877,G,11-Aug-97,9.4,5,0.01,0.27
9846618,G,7-Jul-98,8.6,3,0,0.15
9846690,G,13-Aug-98,9,5,0.01,0.04
9946118,G,6-Jul-99,9.2,3,0.01,0.13
9946190,G,16-Aug-99,8.9,5,,0.02
10046517,G,11-Jul-00,9.1,4,0,0.02
10046590,G,14-Aug-00,9.3,5,0.01,0.02
10146019,G,9-Jul-01,9.1,4,0.01,0.56
10146103,G,5-Sep-01,8,6,0.01,0.02
10246021,G,28-Aug-02,8.5,5,0.01,0.02
10246106,G,20-Sep-02,7.5,7,0.02,0.05
10346019,G,8-Jul-03,9,3,0.02,0.52
10346106,G,5-Aug-03,9.2,2,0.02,0.31
10446020,G,12-Jul-04,9.5,5,0.02,0.91
10446105,G,2-Aug-04,9.6,6,0.01,0.45
10546019,G,11-Jul-05,9,4,0.01,0.47
10546105,G,8-Aug-05,8.5,4,0.01,0.06
10646020,G,11-Jul-06,9.1,2,0.01,0.17
10646104,G,8-Aug-06,8.7,3,0.01,0.06
10746007,G,12-Jul-07,8.5,4,0.02,1.05
10746048,G,2-Aug-07,8.6,5,0.02,0.59
10846007,G,2-Jul-08,9,4,0.03,0.11
10846048,G,7-Aug-08,7,5,0.01,0.11
11046007,G,20-Jul-10,9,3,0.01,0.11
11046050,G,17-Aug-10,9,5,0.01,0.11
11146005,G,12-Jul-11,9.1,2,0.01,0.22
11146045,G,8-Aug-11,9.3,4,0.01,0.11
11246005,G,9-Jul-12,9,4,0.01,0.771
11246045,G,6-Aug-12,8.5,5,0.023,0.155
9446809,G,21-Jun-94,7.8,7,0.03,
9446890,G,26-Jul-94,9,8,0.35,0.19
9446925,G,22-Aug-94,10.1,9,0.59,0.07
9546802,G,12-Jun-95,8.3,8,0.03,
9546901,G,14-Aug-95,9.5,9,0.22,0.02
9546940,G,5-Sep-95,9.55,8.5,0.15,0.02
9646719,G,27-Jun-96,8.9,8,0.12,0.63
9646773,G,17-Jul-96,8.8,8,0.06,0.36
9646843,G,13-Aug-96,9.4,9,0.3,0.13
9746806,G,7-Jul-97,9,8,0.01,0.53
9746879,G,11-Aug-97,9.4,9,0.5,0.04
9846619,G,7-Jul-98,8.6,8,0.14,0.1
9846691,G,13-Aug-98,9,8,0.32,0.04
9946119,G,6-Jul-99,9.2,8,0.04,0.13
9946191,G,16-Aug-99,8.9,8,0.77,0.13
10046518,G,11-Jul-00,9.1,8,0.18,0.02
10046591,G,14-Aug-00,9.25,8,0.38,0.08
10146020,G,9-Jul-01,9.1,8,0.17,0.31
10146104,G,5-Sep-01,8,8,0.37,0.02
10246022,G,28-Aug-02,8.5,8,0.47,0.02
10346020,G,8-Jul-03,9,8,0.08,0.37
10346107,G,5-Aug-03,9.2,8.5,0.01,0.06
10446021,G,12-Jul-04,9.5,7,0.04,0.23
10446106,G,2-Aug-04,9.6,8,0.13,0.06
10546021,G,11-Jul-05,9,8,0.06,0.33
10546106,G,8-Aug-05,8.5,8,0.01,0.06
10646021,G,11-Jul-06,9.1,8,0.11,0.18
10646105,G,8-Aug-06,8.7,7,0.2,0.06
10746008,G,12-Jul-07,8.5,7,0.01,0.69
10746049,G,2-Aug-07,8.6,7,0.09,0.11
10846008,G,2-Jul-08,9,8,0.03,0.11
10846049,G,7-Aug-08,7,6,0.1,0.11
11046008,G,20-Jul-10,9,8,0.01,0.11
11046051,G,17-Aug-10,9,8,0.07,0.02
11146006,G,12-Jul-11,9.1,8,0.09,0.26
11146047,G,8-Aug-11,9.3,9,0.2,0.187
11246006,G,9-Jul-12,9,8,0.049,0.447
11246047,G,6-Aug-12,8.5,8,0.07,0.02
9446808,Grass,20-Jun-94,6,4,0.07,0.76
9446878,Grass,25-Jul-94,5.2,3,0.03,0.32
9446948,Grass,23-Aug-94,4.9,2,0.03,0.23
9546818,Grass,13-Jun-95,5.5,3,0.05,0.76
9546928,Grass,15-Aug-95,,3,0.02,0.08
9546961,Grass,7-Sep-95,5,4,0.03,0.06
9646711,Grass,18-Jun-96,5.3,1,0.01,0.62
9646801,Grass,19-Jul-96,6.5,1,0.01,0.48
9646872,Grass,14-Aug-96,5.5,2,0.01,0.35
9746835,Grass,8-Jul-97,5.7,3,0.03,0.58
9746908,Grass,12-Aug-97,5.7,3,0.01,0.27
9846611,Grass,9-Jul-98,5.3,2,0.04,0.24
9846683,Grass,12-Aug-98,5.4,3,0.04,0.27
9946111,Grass,8-Jul-99,5.2,3,0.01,0.13
9946183,Grass,18-Aug-99,5.5,4,,0.09
10046511,Grass,20-Jul-00,5.7,3,0.01,0.24
10046584,Grass,16-Aug-00,5.4,3,0.02,0.16
10146012,Grass,11-Jul-01,5,1,0,0.25
10146094,Grass,7-Sep-01,5.5,5,0.03,0.15
10246014,Grass,13-Sep-02,5,4,0.05,0.36
10246099,Grass,18-Sep-02,4.8,4,0.08,0.41
10346013,Grass,9-Jul-03,5.5,2,0.05,0.29
10346099,Grass,6-Aug-03,5.2,1,0.06,0.36
10446013,Grass,13-Jul-04,5.5,3,0.03,0.35
10446098,Grass,3-Aug-04,5.7,5,0.03,0.38
10546012,Grass,12-Jul-05,6.8,3,0.03,0.19
10546098,Grass,9-Aug-05,5.5,1,0.03,0.06
10646013,Grass,13-Jul-06,5.7,2,0.01,0.39
10646098,Grass,9-Aug-06,5.2,2,0.01,0.27
9446879,Grass,25-Jul-94,5.2,4,0.03,0.73
9446949,Grass,23-Aug-94,4.9,4.5,0.03,0.29
9546819,Grass,13-Jun-95,5.5,4.5,0.05,1.07
9546929,Grass,15-Aug-95,,4,0.09,0.49
9646712,Grass,18-Jun-96,5.3,4.6,0.01,1.54
9646802,Grass,19-Jul-96,6.5,5,0.01,0.84
9646874,Grass,14-Aug-96,5.5,5,0.04,0.56
9746837,Grass,8-Jul-97,5.7,4,0.03,1.28
9746909,Grass,12-Aug-97,5.7,5,0.08,0.58
9846612,Grass,9-Jul-98,5.3,5,0.02,0.49
9846684,Grass,12-Aug-98,5.4,5,0.13,0.3
9946112,Grass,8-Jul-99,5.2,4,0.02,0.58
10046512,Grass,20-Jul-00,5.7,5,0.03,0.37
10046585,Grass,16-Aug-00,5.4,5,0.14,0.11
10146013,Grass,11-Jul-01,5,4,0.01,1.05
10346014,Grass,9-Jul-03,5.5,5,0.01,0.71
10346100,Grass,6-Aug-03,5.2,4,0.02,0.39
10446014,Grass,13-Jul-04,5.5,5,0.03,0.59
10546014,Grass,12-Jul-05,6.8,5,0.12,0.52
10546099,Grass,9-Aug-05,5.5,4,0.06,0.57
10646014,Grass,13-Jul-06,5.7,4,0.11,0.33
10646099,Grass,9-Aug-06,5.2,4,0.07,0.41
10246044,Hell Diver,22-Aug-02,2.4,1,0.01,0.02
10246123,Hell Diver,18-Sep-02,2.9,1.5,0.01,0.02
10346044,Hell Diver,10-Jul-03,3.5,2,0.02,0.06
10346130,Hell Diver,7-Aug-03,2.7,1,0,0.06
10446044,Hell Diver,21-Jul-04,2.5,1,0,0.06
10446130,Hell Diver,9-Aug-04,3.8,1,0.03,0.06
10546044,Hell Diver,12-Jul-05,4,1,0.01,0.06
10546130,Hell Diver,11-Aug-05,4,1,0.01,0.06
10646043,Hell Diver,24-Jul-06,3.5,1,0.04,0.06
10646130,Hell Diver,11-Aug-06,3.1,1,0.01,0.06
10246045,Hell Diver,22-Aug-02,2.4,2,0.01,0.02
10246124,Hell Diver,18-Sep-02,2.9,2.25,0.01,0.06
10346045,Hell Diver,10-Jul-03,3.5,3,0.02,0.06
10346131,Hell Diver,7-Aug-03,2.7,2,0.02,0.06
10446045,Hell Diver,21-Jul-04,2.5,2,0.21,0.06
10446131,Hell Diver,9-Aug-04,3.8,2.5,0.33,0.06
10546045,Hell Diver,12-Jul-05,4,3,0.5,0.06
10546131,Hell Diver,11-Aug-05,4,3,1.12,0.06
10646044,Hell Diver,24-Jul-06,3.5,2,0.19,0.06
10646131,Hell Diver,11-Aug-06,3.1,2,0.25,0.06
10246046,Ice House,22-Aug-02,13,2,0.01,0.02
10246125,Ice House,18-Sep-02,13.3,3,0.01,0.07
10346046,Ice House,10-Jul-03,12.9,2,0.01,0.06
10346132,Ice House,7-Aug-03,13.5,1,0,0.06
10446046,Ice House,21-Jul-04,12.3,2,0,0.06
10446132,Ice House,4-Aug-04,12.9,1,,0.06
10546046,Ice House,12-Jul-05,13.3,2,0.01,0.06
10546132,Ice House,11-Aug-05,13.6,2,0.01,0.06
10646045,Ice House,24-Jul-06,13,2,0.01,0.06
10646132,Ice House,11-Aug-06,12.8,2,0.01,0.06
10246047,Ice House,22-Aug-02,13,12,1.33,0.02
10246126,Ice House,18-Sep-02,13.3,12,1.97,0.02
10346047,Ice House,10-Jul-03,12.9,6,1.12,0.06
10346133,Ice House,7-Aug-03,13.5,14,1.7,0.06
10446047,Ice House,21-Jul-04,12.3,11,0.58,0.06
10446133,Ice House,4-Aug-04,12.9,12,0.95,0.06
10546047,Ice House,12-Jul-05,13.3,12,0.97,0.06
10546133,Ice House,11-Aug-05,13.6,12,1.73,0.06
10646047,Ice House,24-Jul-06,13,12,1.14,0.06
10646133,Ice House,11-Aug-06,12.8,12,1.4,0.06
9446818,Indian,28-Jun-94,8.5,4,0.03,0.62
9446908,Indian,2-Aug-94,9.5,4,0.03,0.12
9446994,Indian,31-Aug-94,8.7,5,0.03,0.07
9546855,Indian,20-Jun-95,9.9,3,0.01,0.84
9546888,Indian,8-Aug-95,9.7,4,0.05,0.02
9546982,Indian,14-Sep-95,9.2,6,0.03,0.08
9646762,Indian,26-Jun-96,8.9,3,0.01,0.13
9646835,Indian,23-Jul-96,10,2,0.01,0.05
9646906,Indian,20-Aug-96,10,2,0.01,0.07
9746869,Indian,14-Jul-97,,1,0.01,0.09
9746942,Indian,18-Aug-97,9.8,3,0.01,0.02
9846668,Indian,14-Jul-98,8.8,2,0.01,0.13
9846740,Indian,10-Aug-98,9.8,2,0.01,0.4
9946168,Indian,29-Jun-99,9.8,3,0.01,0.04
9946242,Indian,16-Aug-99,10,2,0,0.09
10046539,Indian,11-Jul-00,10.1,4,0.01,0.02
10046611,Indian,14-Aug-00,10,3,0,0.02
10146044,Indian,9-Jul-01,9.9,2,0.02,0.1
10146125,Indian,5-Sep-01,9.8,4,0.01,0.09
10246042,Indian,22-Aug-02,9.3,4,0.01,0.02
10246121,Indian,19-Sep-02,9.8,4,0.01,0.02
10346042,Indian,9-Jul-03,10,4,0.02,0.09
10346128,Indian,6-Aug-03,9.8,3,0,0.06
10446041,Indian,13-Jul-04,9.2,2,0.01,0.06
10446128,Indian,3-Aug-04,9,3,0.01,0.06
10546042,Indian,11-Jul-05,10,1,0.01,0.06
10546127,Indian,8-Aug-05,9.9,2,0.01,0.06
10646041,Indian,11-Jul-06,9.8,2,0.01,0.06
10646128,Indian,8-Aug-06,9.8,2,0.01,0.06
10746015,Indian,17-Jul-07,10,3,0.01,0.11
10746056,Indian,1-Aug-07,10.4,2,0.01,0.11
10846016,Indian,2-Jul-08,10.5,2,0.21,0.32
10846057,Indian,7-Aug-08,10.7,2,0.02,0.11
11046016,Indian,15-Jul-10,10,1,0.05,0.11
11046058,Indian,10-Aug-10,10.5,3,0.01,0.11
11146013,Indian,19-Jul-11,10.5,2,0.01,0.5
11146054,Indian,17-Aug-11,10.4,4,0.02,0.11
11246014,Indian,19-Jul-12,10.2,2,0.044,0.02
11246054,Indian,14-Aug-12,10.5,3,0.043,0.02
9446819,Indian,28-Jun-94,8.5,8,0.08,
9446910,Indian,2-Aug-94,9.5,8,0.12,1.25
9446995,Indian,31-Aug-94,8.7,8,0.23,0.84
9546856,Indian,20-Jun-95,9.9,9,0,
9546889,Indian,8-Aug-95,9.7,8,0.14,1.07
9546983,Indian,14-Sep-95,9.2,9,0.32,0.34
9646763,Indian,26-Jun-96,8.9,8,0.02,1.11
9646836,Indian,23-Jul-96,10,9,0.15,1.08
9646907,Indian,20-Aug-96,10,9,0.2,0.89
9746871,Indian,14-Jul-97,,9,0.08,0.93
9746943,Indian,18-Aug-97,9.8,8.5,0.19,0.75
9846669,Indian,14-Jul-98,8.75,7,0.09,0.53
9846741,Indian,10-Aug-98,9.75,9,0.33,0.31
9946169,Indian,29-Jun-99,9.75,9,0.11,1.2
9946243,Indian,16-Aug-99,10,9,0.31,0.09
10046540,Indian,11-Jul-00,10.1,9,0.06,0.59
10046612,Indian,14-Aug-00,10,9,0.15,0.36
10146045,Indian,9-Jul-01,9.9,8,0.11,1.61
10146126,Indian,5-Sep-01,9.8,8,0.17,1.13
10246043,Indian,22-Aug-02,9.3,9,0.21,0.31
10246122,Indian,19-Sep-02,9.8,9,0.39,0.11
10346043,Indian,9-Jul-03,10,9,0.11,1.17
10346129,Indian,6-Aug-03,9.8,8,0.15,0.92
10446043,Indian,13-Jul-04,9.2,8,0.18,0.78
10446129,Indian,3-Aug-04,9,8,0.31,0.58
10546043,Indian,11-Jul-05,10,9,0.16,0.81
10546128,Indian,8-Aug-05,9.9,9,0.24,0.59
10646042,Indian,11-Jul-06,9.8,9,0.17,0.06
10646129,Indian,8-Aug-06,9.8,9,0.47,0.41
10746016,Indian,17-Jul-07,10,9,0.11,2
10746057,Indian,1-Aug-07,10.4,9.5,0.14,1.49
10846017,Indian,2-Jul-08,10.5,9,0.01,0.11
10846058,Indian,7-Aug-08,10.7,9,,0.11
11046017,Indian,15-Jul-10,10,9,0.25,0.33
11046059,Indian,10-Aug-10,10.5,9,0.2,0.28
11146015,Indian,19-Jul-11,10.5,10,0.27,0.111
11146055,Indian,17-Aug-11,10.4,10,0.45,0.37
11246015,Indian,19-Jul-12,10.2,9,0.138,0.02
11246055,Indian,14-Aug-12,10.5,9,0.176,0.682
9446813,Jockeybush,21-Jun-94,9.9,2,0.03,1
9446887,Jockeybush,26-Jul-94,9.5,5,,0.81
9446921,Jockeybush,22-Aug-94,11,7,0.03,0.53
9546805,Jockeybush,12-Jun-95,10,4,0.03,1.42
9546898,Jockeybush,14-Aug-95,10,7,0.03,1.03
9546936,Jockeybush,5-Sep-95,9.9,9,0.02,0.5
9646715,Jockeybush,27-Jun-96,10.4,4,0.01,1.34
9646769,Jockeybush,17-Jul-96,10.1,4,0.03,1.08
9646840,Jockeybush,13-Aug-96,10.9,5,0.01,0.84
9746803,Jockeybush,7-Jul-97,10.3,5,0.03,1.06
9746875,Jockeybush,11-Aug-97,10.2,7,0.01,0.89
9846615,Jockeybush,7-Jul-98,10.5,0.4,0.02,0.78
9846687,Jockeybush,13-Aug-98,10.1,6,0.02,0.62
9946116,Jockeybush,6-Jul-99,10.6,5,0.01,0.62
9946187,Jockeybush,16-Aug-99,10.1,7,,0.31
10046515,Jockeybush,11-Jul-00,10,5,0.02,0.84
10046588,Jockeybush,14-Aug-00,9.5,6,0.03,0.62
10146016,Jockeybush,9-Jul-01,11.3,0.5,0.014,0.279
10146101,Jockeybush,5-Sep-01,9.5,8,0.02,0.28
10246018,Jockeybush,12-Sep-02,8.5,7,0.02,0.24
10246104,Jockeybush,20-Sep-02,10.1,9,0.03,0.27
10346017,Jockeybush,8-Jul-03,10,4,0.02,0.54
10346104,Jockeybush,5-Aug-03,10.5,5,0.04,0.36
10446017,Jockeybush,12-Jul-04,32,5,0.03,0.93
10446103,Jockeybush,2-Aug-04,10.4,7,0.04,0.68
10546017,Jockeybush,11-Jul-05,9,4,0.02,0.58
10546102,Jockeybush,8-Aug-05,11.3,5,0.01,0.36
10646017,Jockeybush,11-Jul-06,10.5,3,0.01,0.49
10646102,Jockeybush,8-Aug-06,11,3,0.01,0.35
10746005,Jockeybush,12-Jul-07,9.3,7,0.03,1.5
10746046,Jockeybush,2-Aug-07,9.5,6,0.03,1.27
10846005,Jockeybush,2-Jul-08,9.5,5,0.03,0.56
10846046,Jockeybush,7-Aug-08,10,7,0.04,0.33
11046005,Jockeybush,20-Jul-10,10.8,4,0.01,0.11
11046048,Jockeybush,17-Aug-10,9,6,0.01,0.02
11146003,Jockeybush,12-Jul-11,9.5,3,0.02,0.78
11146043,Jockeybush,8-Aug-11,11,4,0.02,0.45
11246003,Jockeybush,9-Jul-12,10.5,4,0.033,0.819
11246043,Jockeybush,6-Aug-12,10,5,0.048,0.416
9446815,Jockeybush,21-Jun-94,9.9,8,0.03,1.2
9446888,Jockeybush,26-Jul-94,9.5,8.5,0.03,0.94
9446922,Jockeybush,22-Aug-94,11,10,0.03,0.62
9546806,Jockeybush,12-Jun-95,10,9,0.03,1.54
9546899,Jockeybush,14-Aug-95,10,9,0.06,1.32
9646717,Jockeybush,27-Jun-96,10.4,9,0.03,1.56
9646770,Jockeybush,17-Jul-96,10.1,9,0.02,1.39
9646841,Jockeybush,13-Aug-96,10.9,10,0.1,1.06
9746804,Jockeybush,7-Jul-97,10.3,9,0.03,1.06
9746876,Jockeybush,11-Aug-97,10.2,9,0.04,0.8
9846617,Jockeybush,7-Jul-98,10.5,9.5,0.01,0.83
9846689,Jockeybush,13-Aug-98,10.1,9,0.04,0.58
9946117,Jockeybush,6-Jul-99,10.6,9,0.01,0.75
9946189,Jockeybush,16-Aug-99,10.1,9,1.63,0.27
10046516,Jockeybush,11-Jul-00,10,9,0.09,1.17
10046589,Jockeybush,14-Aug-00,9.5,9,0.11,1.07
10146018,Jockeybush,9-Jul-01,11.3,10,0.04,0.8
10146102,Jockeybush,5-Sep-01,9.5,9,0.05,0.33
10346018,Jockeybush,8-Jul-03,10,9,0.03,0.84
10346105,Jockeybush,5-Aug-03,10.5,10,0.06,0.55
10446019,Jockeybush,12-Jul-04,32,9,0.02,0.9
10446104,Jockeybush,2-Aug-04,10.4,9,0.04,0.75
10546018,Jockeybush,11-Jul-05,9,8,0.01,0.76
10546103,Jockeybush,8-Aug-05,11.3,10,0.13,0.42
10646018,Jockeybush,11-Jul-06,10.5,9,0.04,0.6
10646103,Jockeybush,8-Aug-06,11,9,0.07,0.59
10746006,Jockeybush,12-Jul-07,9.3,8,0.01,1.81
10746047,Jockeybush,2-Aug-07,9.5,8,0.03,1.52
10846006,Jockeybush,2-Jul-08,9.5,9,0.03,0.51
10846047,Jockeybush,7-Aug-08,10,9,0.04,0.26
11046006,Jockeybush,20-Jul-10,10.8,9.5,0.15,0.32
11046049,Jockeybush,17-Aug-10,9,8,0.05,0.11
11146004,Jockeybush,12-Jul-11,9.5,9,0.04,0.89
11146044,Jockeybush,8-Aug-11,11,10,0.08,0.5
11246004,Jockeybush,9-Jul-12,10.5,9.5,0.07,1.09
11246044,Jockeybush,6-Aug-12,10,9,0.127,0.554
9446840,Limekiln,29-Jun-94,19.5,7,0.03,1.06
9446861,Limekiln,25-Jul-94,18.5,8,0.03,0.97
9446980,Limekiln,30-Aug-94,20.5,10,0.03,0.76
9546861,Limekiln,20-Jun-95,18,9,0.03,1.19
9546865,Limekiln,7-Aug-95,19.3,11,0.06,1.37
9546966,Limekiln,12-Sep-95,19.1,12,0.01,1
9646739,Limekiln,25-Jun-96,20.5,5,0.05,1.55
9646817,Limekiln,23-Jul-96,21.6,6,0.01,0.93
9646889,Limekiln,20-Aug-96,20.8,7,0.01,0.93
9746852,Limekiln,15-Jul-97,19.8,6,0.01,1.15
9746924,Limekiln,19-Aug-97,20.5,8,0.01,0.93
9846643,Limekiln,14-Jul-98,21.2,6,0,0.81
9846715,Limekiln,10-Aug-98,21.7,8,0.01,0.71
9946143,Limekiln,30-Jun-99,19.1,7,0.01,0.89
9946216,Limekiln,24-Aug-99,19.2,9,0.01,0.58
10046546,Limekiln,13-Jul-00,18.9,9,0.01,1.08
10046619,Limekiln,23-Aug-00,19,9,0.01,0.85
10146051,Limekiln,18-Jul-01,22,8,0.02,0.98
10146133,Limekiln,8-Aug-01,19.5,8,0,0.91
10246054,Limekiln,14-Aug-02,19.5,7,0.03,0.58
10246135,Limekiln,17-Sep-02,20,10,0.01,0.39
10346055,Limekiln,16-Jul-03,21.5,7,0,1.28
10346142,Limekiln,13-Aug-03,20,8,0,1
10446056,Limekiln,7-Jul-04,19,8,0.01,0.93
10446141,Limekiln,10-Aug-04,18.5,8,0.01,0.64
10546056,Limekiln,20-Jul-05,21.3,4,0.01,0.75
10546142,Limekiln,17-Aug-05,20.1,7,0.01,0.57
10646056,Limekiln,12-Jul-06,21.5,6,0.01,0.48
10646142,Limekiln,16-Aug-06,20.4,7,0.01,0.32
10746061,Limekiln,31-Jul-07,21,7,0.01,0.99
10746142,Limekiln,12-Jul-07,21.2,7,0.01,1.29
10846021,Limekiln,1-Jul-08,21.5,6,0.02,0.64
10846062,Limekiln,4-Aug-08,21.5,7,0.01,0.38
11046021,Limekiln,8-Jul-10,20.9,1,0.01,0.3
11046063,Limekiln,12-Aug-10,21.4,9,0.04,0.29
11146019,Limekiln,12-Jul-11,21.5,5,0.02,0.51
11146059,Limekiln,9-Aug-11,19,6,0.03,0.26
11246019,Limekiln,9-Jul-12,20,5,0.011,0.873
11246059,Limekiln,7-Aug-12,18.5,6,0.031,0.496
9446855,Limekiln,29-Jun-94,19.5,18,0.03,1.19
9446862,Limekiln,25-Jul-94,18.5,17,0.03,1.18
9446981,Limekiln,30-Aug-94,20.5,19,0.03,0.93
9546862,Limekiln,20-Jun-95,18,17,0.04,1.2
9546867,Limekiln,7-Aug-95,19.3,18,0.08,1.86
9546967,Limekiln,12-Sep-95,19.1,18,0.03,1.33
9646740,Limekiln,25-Jun-96,20.5,19,0.08,1.28
9646818,Limekiln,23-Jul-96,21.6,20,0.05,1.17
9646890,Limekiln,20-Aug-96,20.8,20,0.06,1.19
9746853,Limekiln,15-Jul-97,19.8,19,0.03,1.24
9746925,Limekiln,19-Aug-97,20.5,19,0.01,1.15
9846644,Limekiln,14-Jul-98,21.2,20,0.03,1.04
9846716,Limekiln,10-Aug-98,21.7,20,0.1,1.02
9946144,Limekiln,30-Jun-99,19.1,18,0.03,1.06
9946217,Limekiln,24-Aug-99,19.2,18,0.09,0.93
10046547,Limekiln,13-Jul-00,18.9,18,0.03,1.43
10046620,Limekiln,23-Aug-00,19,17,0.05,1.34
10146053,Limekiln,18-Jul-01,22,21,0.07,1.16
10146134,Limekiln,8-Aug-01,19.5,18,0.05,1.2
10246055,Limekiln,14-Aug-02,19.5,18,0.08,0.74
10246136,Limekiln,17-Sep-02,20,18,0.11,0.69
10346056,Limekiln,16-Jul-03,21.5,20,0.05,1.55
10346143,Limekiln,13-Aug-03,20,18,0.07,1.48
10446058,Limekiln,7-Jul-04,19,18,0.05,1.16
10446142,Limekiln,10-Aug-04,18.5,17,0.07,1.02
10546057,Limekiln,20-Jul-05,21.3,20,0.06,0.95
10546143,Limekiln,17-Aug-05,20.1,19,0.06,0.91
10646057,Limekiln,12-Jul-06,21.5,18,0.04,0.85
10646143,Limekiln,16-Aug-06,20.4,19,0.07,0.72
10746021,Limekiln,12-Jul-07,21.2,20,0.05,1.58
10746063,Limekiln,31-Jul-07,21,20,0.06,1.27
10846022,Limekiln,1-Jul-08,21.5,21,0.06,0.78
10846064,Limekiln,4-Aug-08,21.5,20,0.07,0.73
11046022,Limekiln,8-Jul-10,20.9,19,0.06,0.45
11046064,Limekiln,12-Aug-10,21.4,20,0.09,0.64
11146020,Limekiln,12-Jul-11,21.5,20,0.05,0.793
11146060,Limekiln,9-Aug-11,19,18,0.09,0.633
11246020,Limekiln,9-Jul-12,20,18,0.041,1.107
11246060,Limekiln,7-Aug-12,18.5,17,0.077,0.78
9446836,Long,29-Jun-94,3,1.5,0.03,0.07
9446917,Long,2-Aug-94,3,1,0.03,
9446969,Long,29-Aug-94,3.3,1.5,0.03,
9546833,Long,14-Jun-95,3,1.5,0.03,0.14
9546930,Long,16-Aug-95,3,1.5,0.15,0.14
9546964,Long,6-Sep-95,2.7,1.5,0.01,0.02
9646713,Long,19-Jun-96,3,1,0.01,0.04
9646791,Long,17-Jul-96,2.9,1,0.01,0.02
9646862,Long,14-Aug-96,2.9,1,0.01,0.14
9746824,Long,8-Jul-97,2.9,1,0.04,0.44
9746897,Long,14-Aug-97,3,1,0.01,0.02
9846613,Long,8-Jul-98,2.8,1,0.01,0.1
9846685,Long,12-Aug-98,2.8,1,0.01,0.04
9946114,Long,7-Jul-99,2.7,1,0,0.04
9946185,Long,17-Aug-99,3,1,0.01,0.02
10046513,Long,12-Jul-00,2.8,0,0.01,0.02
10046586,Long,15-Aug-00,2.5,0,0.01,0.02
10146014,Long,10-Jul-01,2.7,0.5,0.01,0.02
10146097,Long,7-Sep-01,2.5,1,0.01,0.02
10246016,Long,28-Aug-02,2.4,1,0.01,0.02
10246102,Long,20-Sep-02,2.5,1,0.01,0.02
10346015,Long,10-Jul-03,2.5,1,0.13,0.11
10346101,Long,7-Aug-03,2.5,1,0,0.06
10446015,Long,21-Jul-04,2.8,1,0.08,0.06
10446101,Long,4-Aug-04,2.8,1,0.01,0.06
10546015,Long,13-Jul-05,3.1,0.5,0.01,0.06
10546100,Long,11-Aug-05,3,1,0.01,0.06
10646015,Long,24-Jul-06,3.2,1,0.01,0.06
10646100,Long,11-Aug-06,2.9,1,0.01,0.06
9446837,Long,29-Jun-94,3,2.5,0.03,0.05
9446911,Long,2-Aug-94,3,2,0.03,
9446970,Long,29-Aug-94,3.3,3,0.03,0.09
9546832,Long,14-Jun-95,3,2.4,,0.31
9546931,Long,16-Aug-95,3,2.5,0.03,0.02
9546965,Long,6-Sep-95,2.7,2.5,0.05,0.02
9646714,Long,19-Jun-96,3,2.5,0.01,0.03
9646792,Long,17-Jul-96,2.9,2.5,0.01,0.02
9646863,Long,14-Aug-96,2.9,2,0.01,0.14
9746826,Long,8-Jul-97,2.9,2,0.03,0.09
9746898,Long,14-Aug-97,3,2.5,0.01,0.04
9846614,Long,8-Jul-98,2.75,2,0.02,0.05
9846686,Long,12-Aug-98,2.8,2,0.01,0.05
9946115,Long,7-Jul-99,2.7,2,0.01,0.04
9946186,Long,17-Aug-99,3,2,,0.02
10046514,Long,12-Jul-00,2.75,2,0,0.23
10046587,Long,15-Aug-00,2.5,2,0.02,0.02
10146015,Long,10-Jul-01,2.7,2,0.01,0.02
10146098,Long,7-Sep-01,2.5,2,0.01,0.02
10246017,Long,28-Aug-02,2.4,2,0.01,0.02
10246103,Long,20-Sep-02,2.5,2,0.02,0.02
10346016,Long,10-Jul-03,2.5,2,0.02,0.06
10346102,Long,7-Aug-03,2.5,2,0,0.06
10446016,Long,21-Jul-04,2.75,2,0.08,0.06
10446102,Long,4-Aug-04,2.8,2,0.01,0.06
10546016,Long,13-Jul-05,3.1,2.5,0.02,0.06
10546101,Long,11-Aug-05,3,2,0.01,0.06
10646016,Long,24-Jul-06,3.2,2,0.01,0.06
10646101,Long,11-Aug-06,2.9,2.8,0.04,0.06
9446800,Loon Hollow,20-Jun-94,9,7,0.03,1.45
9446900,Loon Hollow,27-Jul-94,10.2,4,0.03,0.83
9446961,Loon Hollow,24-Aug-94,9.5,4,0.03,0.75
9546829,Loon Hollow,14-Jun-95,11.1,3,0.01,1.03
9546917,Loon Hollow,16-Aug-95,10,4,0.03,0.43
9546953,Loon Hollow,7-Sep-95,11.6,5,,0.2
9646703,Loon Hollow,19-Jun-96,11,1,0.02,0.66
9646793,Loon Hollow,16-Jul-96,10.5,2,0.05,0.36
9646864,Loon Hollow,14-Aug-96,11.1,2,0.04,0.08
9746827,Loon Hollow,8-Jul-97,10.9,3,0.1,0.71
9746900,Loon Hollow,14-Aug-97,11.2,3,0.1,0.4
9846603,Loon Hollow,8-Jul-98,10.4,2,0.04,0.71
9846675,Loon Hollow,12-Aug-98,10.5,3,0.05,0.24
9946103,Loon Hollow,7-Jul-99,10.2,3,,0.58
9946175,Loon Hollow,17-Aug-99,9.8,5,,0.97
10046503,Loon Hollow,12-Jul-00,10.8,3,0.06,0.27
10046575,Loon Hollow,15-Aug-00,10.6,3,0.01,0.23
10146004,Loon Hollow,10-Jul-01,9.8,2,0.06,0.64
10146084,Loon Hollow,6-Sep-01,10.5,5,0.07,0.74
10246004,Loon Hollow,13-Sep-02,10.5,5,0.11,0.39
10246091,Loon Hollow,18-Sep-02,10.5,6,0.12,0.22
10346004,Loon Hollow,9-Jul-03,10,2,0.06,0.39
10346090,Loon Hollow,6-Aug-03,10.5,2,0.14,0.4
10446004,Loon Hollow,21-Jul-04,9.8,2,0.09,0.57
10446090,Loon Hollow,3-Aug-04,10.5,3,0.04,0.54
10546004,Loon Hollow,12-Jul-05,11.3,3,0.03,0.52
10546090,Loon Hollow,9-Aug-05,10.2,4,0.01,0.37
10646004,Loon Hollow,13-Jul-06,11,2,0.01,0.06
10646090,Loon Hollow,10-Aug-06,10.4,3,0.01,0.06
9446817,Loon Hollow,20-Jun-94,9,8,0.08,1.83
9446901,Loon Hollow,27-Jul-94,10.2,9,0.26,1.26
9446962,Loon Hollow,24-Aug-94,9.5,9,0.1,1.44
9546831,Loon Hollow,14-Jun-95,11.1,10,0.14,1.5
9546918,Loon Hollow,16-Aug-95,10,9,0.08,1.98
9546954,Loon Hollow,7-Sep-95,11.6,10.5,0.25,0.59
9646704,Loon Hollow,19-Jun-96,11,10,0.29,1.2
9646794,Loon Hollow,16-Jul-96,10.5,9,0.24,0.88
9646865,Loon Hollow,14-Aug-96,11.1,10,0.61,0.1
9746828,Loon Hollow,8-Jul-97,10.9,10,0.94,0.09
9746901,Loon Hollow,14-Aug-97,11.2,10,1.14,0.04
9846604,Loon Hollow,8-Jul-98,10.4,10,1.28,0.18
9846676,Loon Hollow,12-Aug-98,10.5,10,1.11,0.18
9946104,Loon Hollow,7-Jul-99,10.2,9,0.92,0.4
9946176,Loon Hollow,17-Aug-99,9.8,9,0.8,0.02
10046504,Loon Hollow,12-Jul-00,10.8,10,0.72,0.24
10046576,Loon Hollow,15-Aug-00,10.6,9,0.54,0.09
10146005,Loon Hollow,10-Jul-01,9.8,9,0.62,0.57
10146085,Loon Hollow,6-Sep-01,10.5,10,0.7,0.02
10246005,Loon Hollow,13-Sep-02,10.5,10,0.77,0.02
10246092,Loon Hollow,18-Sep-02,10.5,10,0.78,0.02
10346005,Loon Hollow,9-Jul-03,10,9,0.43,0.51
10346091,Loon Hollow,6-Aug-03,10.5,9.5,0.76,0.06
10446005,Loon Hollow,21-Jul-04,9.8,8.5,0.45,0.29
10446091,Loon Hollow,3-Aug-04,10.5,10,0.75,0.06
10546005,Loon Hollow,12-Jul-05,11.3,9,0.44,0.46
10546091,Loon Hollow,9-Aug-05,10.2,9,0.6,0.06
10646006,Loon Hollow,13-Jul-06,11,10,0.47,0.06
10646091,Loon Hollow,10-Aug-06,10.4,9,0.86,0.06
9446816,Middle Branch,20-Jun-94,4.5,4,0.03,0.51
9446875,Middle Branch,25-Jul-94,5,3,0.03,0.3
9446952,Middle Branch,23-Aug-94,4.1,3,0.03,0.13
9546823,Middle Branch,14-Jun-95,4.4,3,0.03,0.36
9546919,Middle Branch,15-Aug-95,4.2,4,0.01,0.02
9546947,Middle Branch,7-Sep-95,4.3,4,0.01,0.02
9646727,Middle Branch,18-Jun-96,4.8,1,0.01,0.02
9646797,Middle Branch,16-Jul-96,5.2,2,0.01,0.02
9646868,Middle Branch,14-Aug-96,4.6,3,0.01,0.02
9746831,Middle Branch,8-Jul-97,4.8,3,0.01,0.44
9746904,Middle Branch,12-Aug-97,4.3,3,0.01,0.09
9846629,Middle Branch,9-Jul-98,4.4,3,0.01,0.11
9846701,Middle Branch,12-Aug-98,4.3,3,0.01,0.09
9946130,Middle Branch,8-Jul-99,4.4,3,0,0.04
9946200,Middle Branch,18-Aug-99,4.5,4,0,0.02
10046529,Middle Branch,20-Jul-00,4.6,3,0.01,0.02
10046601,Middle Branch,16-Aug-00,4.5,3,0.01,0.02
10146033,Middle Branch,11-Jul-01,4.5,3,0.02,0.13
10146114,Middle Branch,7-Sep-01,4.4,4,0.01,0.02
10246032,Middle Branch,13-Sep-02,4.5,4,0,0.02
10246112,Middle Branch,18-Sep-02,4.5,4,0.01,0.04
10346032,Middle Branch,9-Jul-03,4.4,3,0.02,0.25
10346116,Middle Branch,6-Aug-03,4.7,3,0,0.06
10446030,Middle Branch,13-Jul-04,4.5,3,0.01,0.06
10446117,Middle Branch,3-Aug-04,4.5,4,0.01,0.06
10546031,Middle Branch,12-Jul-05,4.5,3,0.02,0.06
10546115,Middle Branch,9-Aug-05,4.4,3,0.01,0.06
10646031,Middle Branch,13-Jul-06,4.8,3,0.01,0.06
10646117,Middle Branch,9-Aug-06,4.2,3,0.01,0.06
9546824,Middle Branch,14-Jun-95,4.4,4,0.05,0.4
9646728,Middle Branch,18-Jun-96,4.8,4,0.01,0.49
9646798,Middle Branch,16-Jul-96,5.2,4,0.13,0.18
9646869,Middle Branch,14-Aug-96,4.6,4,0.01,0.02
9746832,Middle Branch,8-Jul-97,4.75,4,0.03,0.53
9746905,Middle Branch,12-Aug-97,4.3,4,0.06,0.04
9846630,Middle Branch,9-Jul-98,4.4,4,0.12,0.16
9846702,Middle Branch,12-Aug-98,4.3,3.5,0.13,0.04
9946131,Middle Branch,8-Jul-99,4.4,4,0.03,0.13
10046530,Middle Branch,20-Jul-00,4.6,4,0.13,0.02
10046602,Middle Branch,16-Aug-00,4.5,4,0.01,0.02
10146034,Middle Branch,11-Jul-01,4.5,4,0.1,0.08
10346118,Middle Branch,6-Aug-03,4.7,4,0.1,0.06
10446031,Middle Branch,13-Jul-04,4.5,4,0.02,0.06
10546032,Middle Branch,12-Jul-05,4.5,4,0.03,0.06
10546117,Middle Branch,9-Aug-05,4.4,4,0.01,0.06
10646032,Middle Branch,13-Jul-06,4.8,4,0.02,0.06
10646118,Middle Branch,9-Aug-06,4.2,4,0.01,0.06
9446806,Middle Settlement,20-Jun-94,10,9,0.21,0.37
9446880,Middle Settlement,25-Jul-94,9.2,3,0.03,0.1
9446950,Middle Settlement,23-Aug-94,10.5,5,0.03,0.09
9546825,Middle Settlement,14-Jun-95,9.6,4,0.04,0.39
9546926,Middle Settlement,15-Aug-95,10,5,0.01,0.02
9546959,Middle Settlement,7-Sep-95,9.5,6,0.03,0.02
9646709,Middle Settlement,18-Jun-96,10.1,2,0.01,0.26
9646799,Middle Settlement,16-Jul-96,10.4,3,0.01,0.05
9646870,Middle Settlement,14-Aug-96,10.2,4,0.01,0.08
9746833,Middle Settlement,8-Jul-97,9.5,3,0.03,0.22
9746906,Middle Settlement,12-Aug-97,9.9,4,0.01,0.04
9846609,Middle Settlement,9-Jul-98,10,3,0.06,0.13
9846681,Middle Settlement,12-Aug-98,10,3,0.08,0.13
9946109,Middle Settlement,8-Jul-99,9.8,3,0.01,0.58
9946181,Middle Settlement,18-Aug-99,9.6,5,0.01,0.02
10046509,Middle Settlement,20-Jul-00,10.4,4,0,0.02
10046582,Middle Settlement,16-Aug-00,9.4,5,0,0.02
10146010,Middle Settlement,11-Jul-01,9.8,3,0.01,0.06
10146090,Middle Settlement,7-Sep-01,10.2,5,0.04,0.02
10246011,Middle Settlement,13-Sep-02,9,6,0.01,0.04
10246097,Middle Settlement,18-Sep-02,9.1,6,0.04,0.07
10346010,Middle Settlement,9-Jul-03,9,3,0.01,0.11
10346097,Middle Settlement,6-Aug-03,10.2,3,0.01,0.06
10446011,Middle Settlement,13-Jul-04,8.9,4,0.01,0.06
10446096,Middle Settlement,3-Aug-04,10,0.5,0.02,0.06
10546010,Middle Settlement,12-Jul-05,10.5,3,0.01,0.06
10546096,Middle Settlement,9-Aug-05,10.4,3,0.01,0.06
10646011,Middle Settlement,13-Jul-06,9.9,3,0.02,0.06
10646096,Middle Settlement,9-Aug-06,10.6,3,0.01,0.06
10746003,Middle Settlement,12-Jul-07,10.4,3,0.01,0.11
10746044,Middle Settlement,1-Aug-07,10.1,2,0.01,0.11
10846003,Middle Settlement,1-Jul-08,9.9,2,0.01,0.11
10846044,Middle Settlement,5-Aug-08,10,4,0.03,0.11
9446823,Middle Settlement,20-Jun-94,10,9,0.17,0.32
9446881,Middle Settlement,25-Jul-94,9.2,8,0.22,0.34
9446951,Middle Settlement,23-Aug-94,10.5,9,0.5,0.04
9546826,Middle Settlement,14-Jun-95,9.6,9,0.08,0.18
9546927,Middle Settlement,15-Aug-95,10,9,0.04,0.08
9546960,Middle Settlement,7-Sep-95,9.5,9,0.14,0.07
9646710,Middle Settlement,18-Jun-96,10.1,9,0.29,0.42
9646800,Middle Settlement,16-Jul-96,10.4,9,0.28,0.15
9646871,Middle Settlement,14-Aug-96,10.2,9,0.37,0.11
9746834,Middle Settlement,8-Jul-97,9.5,9,0.03,0.18
9746907,Middle Settlement,12-Aug-97,9.9,9,0.01,0.27
9846610,Middle Settlement,9-Jul-98,10,9,0.76,0.09
9846682,Middle Settlement,12-Aug-98,10,6,0.7,0.04
9946110,Middle Settlement,8-Jul-99,9.8,9,0.67,0.09
9946182,Middle Settlement,18-Aug-99,9.6,9,0.22,0.04
10046510,Middle Settlement,20-Jul-00,10.4,9,0.28,0.33
10046583,Middle Settlement,16-Aug-00,9.4,9,0.17,0.08
10146011,Middle Settlement,11-Jul-01,9.75,9,1.05,0.02
10146091,Middle Settlement,7-Sep-01,10.2,9,0.83,0.02
10246013,Middle Settlement,13-Sep-02,9,7,0.04,0.19
10246098,Middle Settlement,18-Sep-02,9.1,8,0.05,0.06
10346011,Middle Settlement,9-Jul-03,9,8,0.34,0.28
10346098,Middle Settlement,6-Aug-03,10.2,9,0.27,0.06
10446012,Middle Settlement,13-Jul-04,8.9,7,0.25,0.24
10446097,Middle Settlement,3-Aug-04,10,9,0.56,0.06
10546011,Middle Settlement,12-Jul-05,10.5,9,0.28,0.06
10546097,Middle Settlement,9-Aug-05,10.4,9,0.3,0.06
10646012,Middle Settlement,13-Jul-06,9.9,9,0.38,0.06
10646097,Middle Settlement,9-Aug-06,10.6,9,0.5,0.06
10746004,Middle Settlement,12-Jul-07,10.4,9,0.33,0.11
10746045,Middle Settlement,1-Aug-07,10.1,9,0.18,0.11
10846004,Middle Settlement,1-Jul-08,9.9,8,0.07,0.11
10846045,Middle Settlement,5-Aug-08,10,9,0.85,0.11
9446831,Moss,28-Jun-94,13.2,4,0.03,1.35
9446912,Moss,2-Aug-94,14.1,4,0.03,1.01
9446956,Moss,24-Aug-94,13.2,6,0.03,0.84
9546849,Moss,19-Jun-95,13.8,3,,1.51
9546868,Moss,9-Aug-95,13,4,0.05,1.11
9546968,Moss,13-Sep-95,13.3,6,0.08,0.61
9646755,Moss,25-Jun-96,14,2,0.03,0.89
9646826,Moss,15-Jul-96,14,3,0.01,0.95
9646898,Moss,20-Aug-96,13.6,3,0.05,0.82
9746860,Moss,15-Jul-97,13.5,2,0.01,1.15
9746933,Moss,19-Aug-97,12.7,4,0.01,0.93
9846660,Moss,13-Jul-98,13.7,3,0,0.74
9846732,Moss,18-Aug-98,12.5,3,0.02,0.58
9946159,Moss,30-Jun-99,13,3,0.01,0.8
9946233,Moss,23-Aug-99,13.5,5,0.02,0.33
10046563,Moss,13-Jul-00,14,3,0.01,0.46
10046635,Moss,23-Aug-00,12.8,4,0,0.14
10146070,Moss,18-Jul-01,14,1,0.01,0.55
10146150,Moss,7-Aug-01,14.2,2,0,0.42
10246073,Moss,14-Aug-02,13.9,5,0.03,0.44
10246154,Moss,17-Sep-02,13.7,5,0.01,0.36
10346076,Moss,15-Jul-03,13,3,0.03,0.7
10346162,Moss,13-Aug-03,,,0.02,0.54
10346188,Moss,5-Sep-03,13.7,4,0.05,0.38
10446074,Moss,6-Jul-04,13.9,3,0.01,0.95
10446160,Moss,11-Aug-04,13.5,4,0.01,0.57
10546075,Moss,20-Jul-05,13.5,2,0.01,0.67
10546160,Moss,17-Aug-05,14,4,0.01,0.45
10646075,Moss,17-Jul-06,14.1,1,0.01,0.44
10646161,Moss,16-Aug-06,13.8,3,0.01,0.14
10746033,Moss,13-Jul-07,13.5,4,0.01,1.32
10746075,Moss,31-Jul-07,13.5,3,0.01,0.81
10846034,Moss,30-Jun-08,13,2,0.03,0.54
10846075,Moss,6-Aug-08,14,3,0.02,0.22
11046034,Moss,7-Jul-10,13.5,1,0.01,0.45
11046076,Moss,12-Aug-10,12.5,3,0.05,0.33
11146032,Moss,13-Jul-11,13.8,2,0.03,0.11
11146072,Moss,9-Aug-11,13,3,0,0.11
11246033,Moss,10-Jul-12,12.5,3,0.015,0.655
11246072,Moss,7-Aug-12,13.5,4,0.03,0.385
9446853,Moss,28-Jun-94,13.2,12,0.08,1.58
9446913,Moss,2-Aug-94,14.1,13,0.18,1.13
9446957,Moss,24-Aug-94,13.2,12,0.03,0.72
9546850,Moss,19-Jun-95,13.8,13,0.21,1.07
9546870,Moss,9-Aug-95,13,12,0.26,1.02
9546969,Moss,13-Sep-95,13.3,12,,0.04
9646756,Moss,25-Jun-96,14,13,0.12,1.2
9646827,Moss,15-Jul-96,14,13,0.03,0.96
9646899,Moss,20-Aug-96,13.6,13,0.33,0.82
9746861,Moss,15-Jul-97,13.5,12,0.15,0.93
9746934,Moss,19-Aug-97,12.7,11,0.24,0.49
9846661,Moss,13-Jul-98,13.7,13,0.09,0.8
9846733,Moss,18-Aug-98,12.5,12,0.2,1.02
9946160,Moss,30-Jun-99,13,12,0.09,0.27
9946234,Moss,23-Aug-99,13.5,12.5,0.23,0.09
10046564,Moss,13-Jul-00,14,13,0.13,0.71
10046636,Moss,23-Aug-00,12.8,12,0.34,0.57
10146072,Moss,18-Jul-01,14,13,0.34,0.78
10146151,Moss,7-Aug-01,14.2,13,0.33,0.44
10246074,Moss,14-Aug-02,13.9,7,0.39,0.07
10246155,Moss,17-Sep-02,13.7,12,0.73,0.06
10346077,Moss,15-Jul-03,13,12,0.54,0.27
10346163,Moss,13-Aug-03,,,0.52,0.16
10346189,Moss,5-Sep-03,13.7,13,0.96,0.06
10446075,Moss,6-Jul-04,13.9,12,0.22,0.84
10446162,Moss,11-Aug-04,13.5,13,0.63,0.06
10546076,Moss,20-Jul-05,13.5,12,0.3,0.66
10546161,Moss,17-Aug-05,14,13,0.53,0.06
10646076,Moss,17-Jul-06,14.1,13,0.36,0.45
10646163,Moss,16-Aug-06,13.8,13,0.47,0.13
10746034,Moss,13-Jul-07,13.5,12,0.16,1.26
10746076,Moss,31-Jul-07,13.5,13,0.22,0.78
10846035,Moss,30-Jun-08,13,12,0.2,0.52
10846076,Moss,6-Aug-08,14,13,0.31,0.11
11046035,Moss,7-Jul-10,13.5,12,0.28,0.62
11046077,Moss,12-Aug-10,12.5,12,0.41,0.58
11146034,Moss,13-Jul-11,13.8,12,0.24,0.793
11146073,Moss,9-Aug-11,13,12,0.32,0.323
11246034,Moss,10-Jul-12,12.5,11,0.233,0.651
11246073,Moss,7-Aug-12,13.5,13,0.622,0.02
9446655,North,31-Aug-94,15.5,5,0.03,0.69
9446842,North,29-Jun-94,13.5,4,0.03,1.47
9446905,North,27-Jul-94,15.6,4,0.03,0.99
9546842,North,19-Jun-95,13.5,4,0.08,2.06
9546879,North,8-Aug-95,15,7,0.06,1.09
9546977,North,13-Sep-95,15,9,0.06,0.89
9646751,North,17-Jun-96,16.5,2,0.01,0.62
9646813,North,22-Jul-96,15.6,4,0.01,0.67
9646884,North,19-Aug-96,16.3,4,0.01,0.67
9746847,North,14-Jul-97,15.5,4,0.01,1.13
9746920,North,18-Aug-97,14.7,6,0.04,0.89
9846656,North,13-Jul-98,15,3,0.01,0.5
9846728,North,17-Aug-98,15,3,0.02,0.62
9946154,North,29-Jun-99,14.3,3,0.01,0.93
9946229,North,24-Aug-99,13.8,6,0.03,0.53
10046558,North,18-Jul-00,15,5,0.01,0.46
10046630,North,22-Aug-00,15,6,0.03,0.4
10146065,North,17-Jul-01,15,4,0.02,0.74
10146146,North,7-Aug-01,14,2,0,0.72
10246068,North,13-Aug-02,13.5,3,0.03,0.5
10246150,North,10-Sep-02,13.3,5,0.01,0.45
10346070,North,15-Jul-03,14.5,4,0.02,0.62
10346157,North,12-Aug-03,,,0.03,0.44
10346184,North,4-Sep-03,14,7,0.03,0.29
10446070,North,6-Jul-04,14.5,4,0.02,1.78
10446155,North,11-Aug-04,15,4,0.04,0.58
10546070,North,19-Jul-05,16,2,0.01,0.99
10546155,North,16-Aug-05,15.1,3,0.01,0.65
10646069,North,18-Jul-06,15.3,1,0.01,0.38
10646157,North,16-Aug-06,15.3,4,0.02,0.14
10746029,North,11-Jul-07,15,3,0.01,0.11
10746071,North,30-Jul-07,15,6,0.02,0.98
10846030,North,2-Jul-08,15,3,0.03,0.55
10846071,North,7-Aug-08,15.3,4,0.03,0.11
11046030,North,7-Jul-10,14.6,1,0.02,0.11
11046072,North,11-Aug-10,15.5,5,0.02,0.02
11146028,North,11-Jul-11,17.5,3,0.02,0.35
11146068,North,8-Aug-11,12.6,4,0.01,0.11
11246028,North,10-Jul-12,14.5,4,0.019,0.283
11246029,North,10-Jul-12,14.5,13,0.213,0.828
11246068,North,6-Aug-12,14,4,0.064,0.151
9446656,North,31-Aug-94,15.5,15,0.44,1.22
9446858,North,29-Jun-94,13.5,12,0.08,2.09
9446906,North,27-Jul-94,15.6,14,0.37,1.43
9546843,North,19-Jun-95,13.5,13,0.1,2.4
9546880,North,8-Aug-95,15,14,0.26,2.13
9546979,North,13-Sep-95,15,14,0.06,1.19
9646752,North,17-Jun-96,16.5,15,0.12,0.97
9646814,North,22-Jul-96,15.6,14,0.15,1.12
9646886,North,19-Aug-96,16.3,14,0.26,0.96
9746848,North,14-Jul-97,15.5,14.5,0.12,1.2
9746921,North,18-Aug-97,14.7,14,0.32,0.97
9846657,North,13-Jul-98,15,14,0.09,1.43
9846729,North,17-Aug-98,15,14,0.49,1.2
9946155,North,29-Jun-99,14.3,13,0.06,1.59
9946230,North,24-Aug-99,13.8,13,0.22,1.06
10046559,North,18-Jul-00,15,14,0.06,1.07
10046632,North,22-Aug-00,15,14,0.33,0.8
10146066,North,17-Jul-01,15,14,0.26,1.89
10146147,North,7-Aug-01,14,13,0.18,1.74
10246069,North,13-Aug-02,13.5,12,0.16,0.82
10246151,North,10-Sep-02,13.3,12,0.33,0.59
10346071,North,15-Jul-03,14.5,13,0.15,1.41
10346158,North,12-Aug-03,,,0.25,1.03
10346185,North,4-Sep-03,14,12,0.23,1.02
10446071,North,6-Jul-04,14.5,13,0.12,1.04
10446156,North,11-Aug-04,15,14,0.35,1.15
10546072,North,19-Jul-05,16,15,0.2,1.43
10546156,North,16-Aug-05,15.1,14,0.32,0.95
10646070,North,18-Jul-06,15.3,14,0.21,1.11
10646158,North,16-Aug-06,15.3,14,0.27,0.14
10746030,North,11-Jul-07,15,14,0.14,2.04
10746072,North,30-Jul-07,15,13,0.17,1.46
10846031,North,2-Jul-08,15,13,0.1,1.01
10846072,North,7-Aug-08,15.3,14,0.29,0.74
11046031,North,7-Jul-10,14.6,14,0.24,0.84
11046073,North,11-Aug-10,15.5,13,0.26,0.63
11146029,North,11-Jul-11,17.5,14,0.29,0.881
11146069,North,8-Aug-11,12.6,11,0.32,0.682
11246069,North,6-Aug-12,14,12,0.357,0.602
9446805,Queer,20-Jun-94,16.5,7,0.03,1.13
9446871,Queer,25-Jul-94,17,6,0.13,1.01
9446934,Queer,23-Aug-94,17.2,6,0.03,0.9
9546808,Queer,13-Jun-95,16.5,4,0.06,1.11
9546911,Queer,15-Aug-95,16,6,0.04,1.43
9546949,Queer,6-Sep-95,16.5,7,0.01,0.99
9646729,Queer,18-Jun-96,17.9,3,0.02,1.02
9646787,Queer,18-Jul-96,21.3,4,0.03,1.15
9646857,Queer,15-Aug-96,20.5,4,0.02,1.13
9746820,Queer,8-Jul-97,19.9,4,0.03,1.28
9746893,Queer,12-Aug-97,18.2,5,0.04,1.28
9846631,Queer,8-Jul-98,22,3,0.04,1.22
9846703,Queer,11-Aug-98,20.2,4,0.02,1.06
9946132,Queer,7-Jul-99,20.8,4,0.03,1.11
9946202,Queer,17-Aug-99,22,6,0.02,0.44
10046531,Queer,12-Jul-00,20.2,5,0.03,1.01
10046603,Queer,15-Aug-00,19.7,5,0.02,0.92
10146035,Queer,10-Jul-01,19.8,4,0.02,1.29
10146116,Queer,6-Sep-01,21.3,6,0.02,1.06
10246034,Queer,12-Sep-02,19.2,7,0.01,0.8
10246114,Queer,19-Sep-02,17.6,7,0.02,0.83
10346034,Queer,9-Jul-03,18,4,0.04,1.1
10346119,Queer,6-Aug-03,18.5,5,0.02,1.01
10446032,Queer,13-Jul-04,19.8,4,0.02,1.04
10446119,Queer,3-Aug-04,19.9,5,0.01,0.95
10546033,Queer,12-Jul-05,19.5,4,0.02,0.86
10546118,Queer,9-Aug-05,18.2,4,0.01,0.69
10646033,Queer,13-Jul-06,19.5,3,0.02,0.58
10646119,Queer,9-Aug-06,20.3,4,0.01,0.49
9446807,Queer,20-Jun-94,16.5,16,0.13,0.99
9446872,Queer,25-Jul-94,17,15.5,0.12,0.99
9446935,Queer,23-Aug-94,17.2,16,0.1,0.96
9546809,Queer,13-Jun-95,16.5,15,0.08,1
9546912,Queer,15-Aug-95,16,15,0.11,1.46
9546950,Queer,6-Sep-95,16.5,15,0.01,0.95
9646730,Queer,18-Jun-96,17.9,17,0.03,1.11
9646788,Queer,18-Jul-96,21.3,20,0.15,0.9
9646859,Queer,15-Aug-96,20.5,19,0.11,1.02
9746821,Queer,8-Jul-97,19.9,18,0.08,1.24
9746894,Queer,12-Aug-97,18.2,17,0.13,1.02
9846632,Queer,8-Jul-98,22,20,0.21,0.96
9846704,Queer,11-Aug-98,20.2,19,0.22,0.93
9946133,Queer,7-Jul-99,20.8,19,0.13,0.8
9946203,Queer,17-Aug-99,22,19,0.2,0.84
10046532,Queer,12-Jul-00,20.2,19,0.07,1.01
10046604,Queer,15-Aug-00,19.7,19,0.1,0.96
10146036,Queer,10-Jul-01,19.8,19,0.19,0.77
10146117,Queer,6-Sep-01,21.3,18,0.12,0.02
10246035,Queer,12-Sep-02,19.2,18,0.13,0.9
10246116,Queer,19-Sep-02,17.6,16,0.18,0.9
10346035,Queer,9-Jul-03,18,17,0.14,0.93
10346120,Queer,6-Aug-03,18.5,17,0.23,0.68
10446033,Queer,13-Jul-04,19.8,19,0.09,0.89
10446120,Queer,3-Aug-04,19.9,19,0.21,0.78
10546034,Queer,12-Jul-05,19.5,18.5,0.07,0.74
10546119,Queer,9-Aug-05,18.2,17,0.11,0.65
10646034,Queer,13-Jul-06,19.5,18,0.08,0.65
10646121,Queer,9-Aug-06,20.3,19,0.17,0.53
9446835,Raquette,29-Jun-94,3.2,2,0.03,0.42
9446915,Raquette,2-Aug-94,3,1.5,0.03,0.19
9446992,Raquette,30-Aug-94,3.5,1,0.03,0.25
9546836,Raquette,19-Jun-95,3,1,,0.52
9546877,Raquette,7-Aug-95,3.7,2,0.06,0.53
9546975,Raquette,12-Sep-95,3,2,0.01,0.23
9646746,Raquette,25-Jun-96,3,2,0.02,0.18
9646808,Raquette,15-Jul-96,2.8,1,0.01,0.14
9646880,Raquette,19-Aug-96,2.4,2,0.06,0.3
9746843,Raquette,14-Jul-97,2.8,1,0.01,0.18
9746915,Raquette,19-Aug-97,3.1,1,0.01,0.22
9846651,Raquette,13-Jul-98,3,2,0.02,0.12
9846723,Raquette,10-Aug-98,3,1,0.01,0.18
9946149,Raquette,29-Jun-99,3.3,1,0.03,0.27
9946224,Raquette,23-Aug-99,3,1,0.01,0.09
10046553,Raquette,18-Jul-00,2.9,1,0,0.02
10046626,Raquette,22-Aug-00,3.1,0,0,0.13
10146060,Raquette,17-Jul-01,2.9,0.5,0,0.13
10146140,Raquette,7-Aug-01,3.1,1,0.08,0.15
10246061,Raquette,13-Aug-02,2.8,1,0.14,0.23
10246142,Raquette,10-Sep-02,3,1,0.19,0.17
10346062,Raquette,7-Jul-03,3.2,1,0.01,0.06
10346150,Raquette,12-Aug-03,,,0.13,0.12
10346180,Raquette,3-Sep-03,2.9,1,0.09,0.12
10446063,Raquette,7-Jul-04,2.9,1,0.01,0.06
10446148,Raquette,10-Aug-04,3.2,1,0.01,0.06
10546063,Raquette,19-Jul-05,3.1,1,0.01,0.06
10546148,Raquette,16-Aug-05,3,1,0.01,0.06
10646063,Raquette,12-Jul-06,3,1,0.08,0.06
10646149,Raquette,15-Aug-06,3,1,0.12,0.06
9446916,Raquette,2-Aug-94,3,2.5,0.03,0.5
9446993,Raquette,30-Aug-94,3.5,3,0.03,0.78
9546837,Raquette,19-Jun-95,3,2,0.06,0.61
9546878,Raquette,7-Aug-95,3.7,3,0.06,0.97
9546976,Raquette,12-Sep-95,3,2.5,0.01,0.15
9646809,Raquette,15-Jul-96,2.8,2,0.01,0.21
9746844,Raquette,14-Jul-97,2.8,2.5,0.01,1
9746916,Raquette,19-Aug-97,3.1,2.5,0.01,0.66
9846652,Raquette,13-Jul-98,3,2.5,0.01,1.18
9846724,Raquette,10-Aug-98,2.99,2,0.01,1.68
9946151,Raquette,29-Jun-99,3.3,2.5,0.01,1.33
9946225,Raquette,23-Aug-99,3,2,0,0.4
10046554,Raquette,18-Jul-00,2.9,2.25,0,0.45
10046627,Raquette,22-Aug-00,3.1,2,0,0.65
10146061,Raquette,17-Jul-01,2.9,2.5,0,0.7
10146141,Raquette,7-Aug-01,3.1,2.5,0.03,0.89
10246062,Raquette,13-Aug-02,2.8,2,0.13,1.1
10246143,Raquette,10-Sep-02,3,1.5,0.28,0.94
10346064,Raquette,7-Jul-03,3.2,2.5,0.01,1.21
10346151,Raquette,12-Aug-03,,,0.17,0.7
10346181,Raquette,3-Sep-03,2.9,2,0.24,0.25
10446064,Raquette,7-Jul-04,2.9,2.5,0.02,1.05
10446149,Raquette,10-Aug-04,3.2,2,0.13,
10546064,Raquette,19-Jul-05,3.1,2,0.01,1.27
10546150,Raquette,16-Aug-05,3,2.5,0.03,1.18
10646064,Raquette,12-Jul-06,3,2.5,0.01,0.73
10646151,Raquette,15-Aug-06,3,2.5,0.15,1.14
9446841,Rondaxe,29-Jun-94,9.6,4,0.03,1.03
9446891,Rondaxe,26-Jul-94,7.5,4,0.03,0.85
9446982,Rondaxe,30-Aug-94,9,4,0.03,0.74
9546859,Rondaxe,20-Jun-95,8.5,2,0.09,1.4
9546886,Rondaxe,9-Aug-95,8.8,5,0.05,0.72
9546989,Rondaxe,13-Sep-95,9.8,6,0.01,0.71
9646757,Rondaxe,25-Jun-96,10.5,3.2,0.03,0.71
9646831,Rondaxe,15-Jul-96,10.4,3,0.03,0.8
9646902,Rondaxe,20-Aug-96,9.5,3,0.05,0.68
9746865,Rondaxe,15-Jul-97,10.4,4,0.01,1.02
9746938,Rondaxe,19-Aug-97,9.7,4,0.01,0.62
9846662,Rondaxe,14-Jul-98,10.2,3,0.01,0.8
9846734,Rondaxe,10-Aug-98,9.3,4,0.01,0.44
9946161,Rondaxe,30-Jun-99,8.7,3,0.01,0.53
9946236,Rondaxe,24-Aug-99,10,5,0,0.04
10046565,Rondaxe,13-Jul-00,9.6,4,0.01,0.57
10046637,Rondaxe,23-Aug-00,8.9,5,0.02,0.41
10146073,Rondaxe,18-Jul-01,9.5,4,0,0.62
10146152,Rondaxe,8-Aug-01,9,3,0,0.33
10246076,Rondaxe,14-Aug-02,9.7,4,0.03,0.23
10246157,Rondaxe,12-Sep-02,8.8,5,0.01,0.1
10346078,Rondaxe,16-Jul-03,10.5,3,0.02,0.46
10346164,Rondaxe,13-Aug-03,,,0.01,0.57
10346190,Rondaxe,4-Sep-03,10.7,5,0.03,0.29
10446076,Rondaxe,7-Jul-04,9.5,3,0.02,0.51
10446163,Rondaxe,10-Aug-04,9.5,4,0.01,0.28
10546078,Rondaxe,20-Jul-05,8,2,0.01,0.4
10546162,Rondaxe,17-Aug-05,9.7,4,0.01,0.21
10646077,Rondaxe,17-Jul-06,10.4,2,0.01,0.39
10646164,Rondaxe,16-Aug-06,10.4,4,0.01,0.29
10746035,Rondaxe,12-Jul-07,4.2,3,0.01,0.11
10746077,Rondaxe,31-Jul-07,11,4,0.01,0.32
10846036,Rondaxe,1-Jul-08,9.5,3,0.07,0.48
10846077,Rondaxe,4-Aug-08,9.5,4,0.01,0.37
11046036,Rondaxe,7-Jul-10,9.6,7,0.02,0.11
11046078,Rondaxe,12-Aug-10,8.2,5,0.07,0.11
11146035,Rondaxe,12-Jul-11,8.8,2,0.02,0.29
11146074,Rondaxe,10-Aug-11,9.1,4,0.02,0.11
11246035,Rondaxe,11-Jul-12,9.5,3,0.025,0.283
11246075,Rondaxe,8-Aug-12,10.1,4,0.032,0.02
9446856,Rondaxe,29-Jun-94,9.6,8,0.03,1.42
9446892,Rondaxe,26-Jul-94,7.5,6,0.03,1.24
9446983,Rondaxe,30-Aug-94,9,8,0.32,0.59
9546860,Rondaxe,20-Jun-95,8.5,8,0.13,1.1
9546887,Rondaxe,9-Aug-95,8.75,8,0.1,0.35
9546991,Rondaxe,13-Sep-95,9.8,9,0.37,0.09
9646758,Rondaxe,25-Jun-96,10.5,9,0.1,1.06
9646832,Rondaxe,15-Jul-96,10.4,9,0.12,1.13
9646903,Rondaxe,20-Aug-96,9.5,8,0.26,0.82
9746866,Rondaxe,15-Jul-97,10.4,9,0.13,1.15
9746939,Rondaxe,19-Aug-97,9.7,9,0.26,0.58
9846663,Rondaxe,14-Jul-98,10.2,9,0.11,0.8
9846735,Rondaxe,10-Aug-98,9.3,8,0.44,0.58
9946162,Rondaxe,30-Jun-99,8.7,8,0.16,0.84
9946237,Rondaxe,24-Aug-99,10,9,0.18,0.02
10046566,Rondaxe,13-Jul-00,9.6,9,0.59,0.42
10046638,Rondaxe,23-Aug-00,8.9,8,0.51,0.02
10146074,Rondaxe,18-Jul-01,9.5,8,0.27,0.98
10146153,Rondaxe,8-Aug-01,9,7,0.13,1.15
10246077,Rondaxe,14-Aug-02,9.7,8,0.28,0.38
10246158,Rondaxe,12-Sep-02,8.8,7,0.28,0.24
10346079,Rondaxe,16-Jul-03,10.5,9.5,0.26,0.78
10346165,Rondaxe,13-Aug-03,,,0.38,0.3
10346191,Rondaxe,4-Sep-03,10.7,10,0.62,0.06
10446077,Rondaxe,7-Jul-04,9.5,8,0.19,0.76
10446164,Rondaxe,10-Aug-04,9.5,8,0.48,0.1
10546079,Rondaxe,20-Jul-05,8,7,0.1,0.74
10546163,Rondaxe,17-Aug-05,9.7,9,0.41,0.13
10646078,Rondaxe,17-Jul-06,10.4,9,0.34,0.41
10646165,Rondaxe,16-Aug-06,10.4,9,0.72,0.13
10746036,Rondaxe,12-Jul-07,4.2,6,0.01,1.46
10746078,Rondaxe,31-Jul-07,11,9,0.26,0.5
10846037,Rondaxe,1-Jul-08,9.5,8,0.47,0.4
10846078,Rondaxe,4-Aug-08,9.5,8,0.42,0.11
11046037,Rondaxe,7-Jul-10,9.6,22,0.38,0.25
11046079,Rondaxe,12-Aug-10,8.2,7,0.41,0.11
11146036,Rondaxe,12-Jul-11,8.8,7,0.31,0.398
11146075,Rondaxe,10-Aug-11,9.1,8,0.63,0.111
11246036,Rondaxe,11-Jul-12,9.5,8,0.204,0.562
11246076,Rondaxe,8-Aug-12,10.1,9,0.413,0.323
9446834,Round,29-Jun-94,5.7,5,0.03,0.51
9446897,Round,27-Jul-94,4.5,4,0.03,0.25
9446977,Round,30-Aug-94,6.1,5,0.03,0.16
9546845,Round,19-Jun-95,6.4,6,0.1,0.37
9546883,Round,8-Aug-95,5.7,5,0.13,0.25
9546994,Round,13-Sep-95,4.1,4,0.14,0.36
9646759,Round,26-Jun-96,4.9,4,0.01,0.02
9646822,Round,22-Jul-96,6.3,5,0.02,0.08
9646893,Round,19-Aug-96,6.8,6,0.01,0.07
9746856,Round,9-Jul-97,6.6,5,0.03,0.31
9746929,Round,19-Aug-97,6.4,6,0.01,0.04
9846664,Round,13-Jul-98,4.1,3,0.01,0.27
9846736,Round,17-Aug-98,5.7,5,0,0.04
9946163,Round,30-Jun-99,6,5,0.06,0.44
9946238,Round,24-Aug-99,5.8,5,0,0.02
10046568,Round,18-Jul-00,6.2,5,0.01,0.02
10046639,Round,22-Aug-00,6.2,5,0,0.02
10146075,Round,18-Jul-01,5.6,5,0.06,0.21
10146156,Round,8-Aug-01,6.1,5,0.02,0.05
10246078,Round,13-Aug-02,6.1,5,0.05,0.02
10246159,Round,11-Sep-02,5,4,0.01,0.02
10346080,Round,15-Jul-03,5.6,5,0.03,0.14
10346166,Round,12-Aug-03,,,0,0.06
10346192,Round,4-Sep-03,5.8,5,0.06,0.06
10446079,Round,6-Jul-04,5.6,4,0.01,0.13
10446165,Round,10-Aug-04,6.2,6,0.01,0.06
10546080,Round,20-Jul-05,5.2,5,0.01,0.06
10546164,Round,17-Aug-05,5.5,4.5,0.02,0.06
10646079,Round,17-Jul-06,5.9,4,0.01,0.06
10646166,Round,16-Aug-06,6,5,0.01,0.06
10746037,Round,11-Jul-07,5.8,4,0.01,0.11
10846038,Round,30-Jun-08,6,4,0.01,0.11
10846079,Round,4-Aug-08,6.3,5,0.01,0.11
11046038,Round,6-Jul-10,5.9,5.5,0.01,0.11
11046080,Round,16-Aug-10,5.2,5,0.02,0.11
11146037,Round,13-Jul-11,6.5,2,0.01,0.11
11146076,Round,10-Aug-11,6.4,3,0.01,0.11
11246037,Round,11-Jul-12,5.8,5,0,0.02
11246077,Round,8-Aug-12,6.1,5,0.05,0.02
10646081,Round,17-Jul-06,5.9,5,0.01,0.06
10746039,Round,11-Jul-07,5.8,5,0.01,0.11
10746080,Round,7-Aug-07,,,0.01,0.11
10846039,Round,30-Jun-08,6,5,0.01,0.11
10846080,Round,4-Aug-08,6.3,6,0.01,0.11
11146038,Round,13-Jul-11,6.5,6,0.01,0.111
11146077,Round,10-Aug-11,6.4,6,0.03,0.111
11246078,Round,8-Aug-12,6.1,5.7,0.265,0.02
10746079,Round,7-Aug-07,,,0.01,0.11
9446833,Sagamore,28-Jun-94,21.3,4,0.03,0.96
9446884,Sagamore,26-Jul-94,21.1,3,0.03,0.64
9446971,Sagamore,29-Aug-94,22.5,4,0.03,0.52
9546834,Sagamore,19-Jun-95,21.5,3,0.04,1.51
9546873,Sagamore,7-Aug-95,23,4,0.06,1.64
9546973,Sagamore,12-Sep-95,20.7,6,0.01,1.2
9646744,Sagamore,17-Jun-96,20.5,6,0.01,0.62
9646810,Sagamore,15-Jul-96,21.3,2,0.01,0.52
9646882,Sagamore,19-Aug-96,20.5,3,0.01,0.58
9746845,Sagamore,15-Jul-97,22,2,0.01,0.8
9746918,Sagamore,19-Aug-97,20.8,2,0.01,1.33
9846648,Sagamore,13-Jul-98,19.5,3,0.01,2.07
9846720,Sagamore,18-Aug-98,21,2,0.01,0.35
9946147,Sagamore,29-Jun-99,19.9,2,0.05,0.66
9946221,Sagamore,23-Aug-99,20.5,4,0.02,0.49
10046551,Sagamore,18-Jul-00,20.5,2,0.01,0.44
10046623,Sagamore,22-Aug-00,21.4,6,0.01,0.16
10146058,Sagamore,17-Jul-01,20.9,1,0.03,0.37
10146137,Sagamore,7-Aug-01,20,2,0,0.2
10246059,Sagamore,13-Aug-02,20,5,0.04,0.91
10246140,Sagamore,10-Sep-02,19.5,5,0.02,0.16
10346060,Sagamore,7-Jul-03,20.5,2,0.01,0.5
10346147,Sagamore,4-Aug-03,20.9,1,0.02,0.43
10446061,Sagamore,7-Jul-04,21,3,0.02,0.51
10446146,Sagamore,10-Aug-04,21.5,4,0.03,0.32
10546060,Sagamore,19-Jul-05,21,1,0.02,0.42
10546146,Sagamore,16-Aug-05,17.2,3,0.01,0.39
10646060,Sagamore,12-Jul-06,20,2,0.01,0.26
10646146,Sagamore,15-Aug-06,20,4,0.01,0.24
10746025,Sagamore,10-Jul-07,20.5,3,0.04,1.09
10746066,Sagamore,30-Jul-07,20.5,2,0.02,0.81
10846025,Sagamore,1-Jul-08,20,2,0.05,0.38
10846067,Sagamore,5-Aug-08,21,4,0.04,0.28
11046026,Sagamore,6-Jul-10,20,1,0.05,0.35
11046068,Sagamore,18-Aug-10,21.5,3,0.07,0.29
11146024,Sagamore,14-Jul-11,20,3,0.04,0.11
11146063,Sagamore,10-Aug-11,22,4,0.03,0.23
11246023,Sagamore,11-Jul-12,21.5,3,0.049,0.629
11246063,Sagamore,8-Aug-12,21,3,0.079,0.483
9446851,Sagamore,28-Jun-94,21.3,20,0.08,1.6
9446885,Sagamore,26-Jul-94,21.1,20,0.15,1.42
9446972,Sagamore,29-Aug-94,22.5,21,0.1,1.47
9546835,Sagamore,19-Jun-95,21.5,20,0.05,1.85
9546874,Sagamore,7-Aug-95,23,22,0.08,0.53
9546974,Sagamore,12-Sep-95,20.7,20,0.03,2.24
9646745,Sagamore,17-Jun-96,20.5,20,0.02,1.11
9646812,Sagamore,15-Jul-96,21.3,20,0.07,1.29
9646883,Sagamore,19-Aug-96,20.5,19,0.08,1.42
9746846,Sagamore,15-Jul-97,22,21,0.05,1.2
9746919,Sagamore,19-Aug-97,20.8,20,0.12,1.15
9846649,Sagamore,13-Jul-98,19.5,19,0.02,1.38
9846721,Sagamore,18-Aug-98,21,20,0.07,1.59
9946148,Sagamore,29-Jun-99,19.9,19,0.03,1.33
9946223,Sagamore,23-Aug-99,20.5,20,0.04,1.37
10046552,Sagamore,18-Jul-00,20.5,19,0.06,0.74
10046624,Sagamore,22-Aug-00,21.4,20,0.12,0.84
10146059,Sagamore,17-Jul-01,20.9,20,0.08,1.4
10146139,Sagamore,7-Aug-01,20,19,0.1,1.54
10246060,Sagamore,13-Aug-02,20,19,0.12,
10246141,Sagamore,10-Sep-02,19.5,18.5,0.01,1.46
10346061,Sagamore,7-Jul-03,20.5,19,0.08,1.63
10346148,Sagamore,4-Aug-03,20.9,19,0.07,1.57
10446062,Sagamore,7-Jul-04,21,20,0.12,1.3
10446147,Sagamore,10-Aug-04,21.5,20,0.01,1.55
10546061,Sagamore,19-Jul-05,21,18,0.12,1.25
10546147,Sagamore,16-Aug-05,17.2,16,0.11,1.17
10646061,Sagamore,12-Jul-06,20,19,0.08,1.05
10646147,Sagamore,15-Aug-06,20,19,0.09,1.04
10746026,Sagamore,10-Jul-07,20.5,19,0.11,2.35
10746068,Sagamore,30-Jul-07,20.5,19,0.15,1.79
10846027,Sagamore,1-Jul-08,20,20,0.07,0.94
10846068,Sagamore,5-Aug-08,21,20,0.1,0.86
11046027,Sagamore,6-Jul-10,20,19,0.09,1.09
11046069,Sagamore,18-Aug-10,21.5,20,0.05,1.34
11146025,Sagamore,14-Jul-11,20,18,0.07,0.912
11146064,Sagamore,10-Aug-11,22,20,0.11,1.001
11246025,Sagamore,11-Jul-12,21.5,19,0.1,1.63
11246064,Sagamore,8-Aug-12,21,19,0.075,1.315
10246063,Seventh,14-Aug-02,24,5,0.03,0.95
10246144,Seventh,17-Sep-02,23,7,0.01,0.95
10346065,Seventh,16-Jul-03,24,6,0.03,1.23
10346152,Seventh,13-Aug-03,,,0.01,1.04
10346182,Seventh,4-Sep-03,24,7,0.03,0.99
10446065,Seventh,7-Jul-04,23.5,6,0.02,1.17
10446150,Seventh,10-Aug-04,26.5,7,0.01,1.08
10546065,Seventh,20-Jul-05,23,4,0.01,0.82
10546151,Seventh,17-Aug-05,23.8,6,0.01,0.66
10646065,Seventh,12-Jul-06,25.6,6,0.01,0.64
10646152,Seventh,16-Aug-06,22.5,6,0.02,0.54
10246064,Seventh,14-Aug-02,24,23,0.04,1.53
10246145,Seventh,17-Sep-02,23,21,0.02,1.59
10346066,Seventh,16-Jul-03,24,23,0.03,1.73
10346153,Seventh,13-Aug-03,,,0.01,1.69
10346183,Seventh,4-Sep-03,24,23,0.02,1.73
10446066,Seventh,7-Jul-04,23.5,21,0.03,1.67
10446151,Seventh,10-Aug-04,26.5,21,0.03,1.55
10546066,Seventh,20-Jul-05,23,22,0.02,1.39
10546152,Seventh,17-Aug-05,23.8,22,0.01,1.32
10646066,Seventh,12-Jul-06,25.6,25,0.01,1.14
10646153,Seventh,16-Aug-06,22.5,21,0.01,1.12
9446653,South,31-Aug-94,17.5,9,0.03,1.27
9446848,South,30-Jun-94,19.5,6,0.03,1.67
9446903,South,27-Jul-94,19.3,6,0.03,1.38
9546839,South,19-Jun-95,17.5,5,0.01,1.74
9546881,South,8-Aug-95,18,8,0.06,1.75
9546980,South,13-Sep-95,17.7,10,0.01,0.92
9646748,South,17-Jun-96,18,3,0.01,1.28
9646815,South,15-Jul-96,18.6,5,0.02,1.43
9646887,South,19-Aug-96,18.9,6,0.01,1.38
9746849,South,14-Jul-97,19.2,6,0.01,1.68
9746922,South,18-Aug-97,19.1,7,0.01,1.11
9846653,South,13-Jul-98,18.5,5,0,1.18
9846725,South,17-Aug-98,19,7,0.02,0.8
9946152,South,29-Jun-99,18.5,6,0.01,1.42
9946226,South,23-Aug-99,19.5,8,0.01,0.89
10046555,South,18-Jul-00,19,7,0.02,0.95
10046628,South,22-Aug-00,19,9,0.01,0.88
10146063,South,17-Jul-01,19,8,0.02,1.05
10146142,South,7-Aug-01,19,9,0.01,1.01
10246065,South,13-Aug-02,19,7,0.04,0.92
10246147,South,10-Sep-02,19,8,0.02,0.8
10346068,South,15-Jul-03,17.5,6,0.02,1.13
10346154,South,12-Aug-03,19,7,0.03,0.9
10446067,South,6-Jul-04,19.5,5,0.01,1.6
10446152,South,11-Aug-04,19,7,0.02,1
10546067,South,19-Jul-05,19.1,4,0.01,1.18
10546153,South,16-Aug-05,19.7,6,0.01,0.94
10646067,South,18-Jul-06,19.5,4,0.01,0.68
10646154,South,15-Aug-06,19.8,6,0.01,0.44
10746027,South,11-Jul-07,18.3,6,0.01,1.62
10746069,South,30-Jul-07,19,7,0.01,1.21
10846028,South,2-Jul-08,19.1,6,0.02,0.85
10846069,South,7-Aug-08,19.5,7,0.02,0.66
11046028,South,6-Jul-10,19,8,0.02,0.62
11046070,South,11-Aug-10,19.6,8,0.03,0.36
11146026,South,11-Jul-11,19.3,4,0.02,0.935
11146065,South,8-Aug-11,19.5,7,0.04,0.7
11246026,South,10-Jul-12,19.4,6,0.024,0.899
11246065,South,6-Aug-12,21.6,6,0.022,0.447
9446654,South,31-Aug-94,17.5,17,0.14,1.47
9446860,South,30-Jun-94,19.5,18,0.03,1.82
9446904,South,27-Jul-94,19.3,18,0.1,1.68
9546840,South,19-Jun-95,17.5,17,0.12,2.1
9546882,South,8-Aug-95,18,17,0.09,1.9
9546981,South,13-Sep-95,17.7,17,0.01,0.69
9646750,South,17-Jun-96,18,17,0.05,1.51
9646816,South,15-Jul-96,18.6,18,0.06,1.74
9646888,South,19-Aug-96,18.9,18,0.11,1.59
9746851,South,14-Jul-97,19.2,18,0.05,1.82
9746923,South,18-Aug-97,19.1,18,0.14,1.55
9846655,South,13-Jul-98,18.5,17,0.04,0.5
9846727,South,17-Aug-98,19,18,0.19,1.59
9946153,South,29-Jun-99,18.5,18,0.03,1.55
9946228,South,23-Aug-99,19.5,18,0.12,1.33
10046557,South,18-Jul-00,19,18,0.07,1.47
10046629,South,22-Aug-00,19,18,0.28,0.97
10146064,South,17-Jul-01,19,18,0.09,1.16
10146143,South,7-Aug-01,19,18,0.15,0.97
10246067,South,13-Aug-02,19,17,0.22,0.79
10246148,South,10-Sep-02,19,17,0.39,0.38
10346069,South,15-Jul-03,17.5,16,0.09,1.2
10346155,South,12-Aug-03,19,18,0.23,1.01
10446069,South,6-Jul-04,19.5,18,0.07,1.4
10446153,South,11-Aug-04,19,18,0.22,0.83
10546069,South,19-Jul-05,19.1,18,0.07,1.35
10546154,South,16-Aug-05,19.7,18,0.16,1.04
10646068,South,18-Jul-06,19.5,18,0.05,1.15
10646155,South,15-Aug-06,19.8,18,0.08,0.8
10746028,South,11-Jul-07,18.3,17,0.03,1.85
10746070,South,30-Jul-07,19,18,0.05,1.33
10846029,South,2-Jul-08,19.1,18,0.06,0.96
10846070,South,7-Aug-08,19.5,18,0.15,0.71
11046029,South,6-Jul-10,19,18,0.1,0.73
11046071,South,11-Aug-10,19.6,18,0.14,0.49
11146027,South,11-Jul-11,19.3,18,0.09,0.474
11146067,South,8-Aug-11,19.5,18,0.14,0.877
11246027,South,10-Jul-12,19.4,18,0.084,0.881
11246066,South,6-Aug-12,21.6,18,0.174,0.664
9446803,Squash,20-Jun-94,4.8,3,0.03,0.08
9446876,Squash,25-Jul-94,5.3,2,0.03,0.08
9446937,Squash,23-Aug-94,5.1,2,0.03,0.09
9546816,Squash,13-Jun-95,4.6,2,0.01,0.06
9546920,Squash,15-Aug-95,4.7,2,0.07,0.02
9546955,Squash,6-Sep-95,5,3,0.01,0.02
9646705,Squash,18-Jun-96,5.8,1,0.01,0.08
9646789,Squash,18-Jul-96,5,1,0.02,0.05
9646860,Squash,15-Aug-96,5,1,0.01,0.08
9746822,Squash,8-Jul-97,4.9,1.5,0.09,0.18
9746895,Squash,12-Aug-97,4.5,1,0.03,0.04
9846605,Squash,8-Jul-98,4.8,1,0.01,0.27
9846677,Squash,11-Aug-98,4.8,1,0.02,0.13
9946105,Squash,8-Jul-99,4.5,1,0.05,0.13
9946177,Squash,17-Aug-99,4.7,1,0.01,0.04
10046505,Squash,12-Jul-00,5.1,1,0.02,0.08
10046578,Squash,15-Aug-00,4.5,1,0,0.02
10146006,Squash,10-Jul-01,4.8,2,0.01,0.07
10146086,Squash,6-Sep-01,4.7,3,0.01,0.2
10246007,Squash,12-Sep-02,5,3,0.01,0.02
10246093,Squash,18-Sep-02,4.5,2,0.01,0.09
10346006,Squash,10-Jul-03,5,1,0.07,0.06
10346093,Squash,7-Aug-03,4.2,1,0.17,0.06
10446006,Squash,21-Jul-04,4.7,1,0.01,0.06
10446092,Squash,4-Aug-04,4.7,1,0.01,0.06
10546006,Squash,13-Jul-05,5.3,1,0.04,0.06
10546092,Squash,10-Aug-05,4.7,1,0.01,0.06
10646007,Squash,14-Jul-06,5,1,0.01,0.06
10646092,Squash,11-Aug-06,4.8,1.5,0.01,0.06
9446811,Squash,20-Jun-94,4.8,4,0.5,0.08
9446877,Squash,25-Jul-94,5.25,4,0.75,0.05
9446938,Squash,23-Aug-94,5.1,4,0.67,0.05
9546817,Squash,13-Jun-95,4.6,4,0.23,0.44
9546921,Squash,15-Aug-95,4.7,4,0.01,0.35
9546956,Squash,6-Sep-95,5,4,0.01,0.05
9646706,Squash,18-Jun-96,5.8,4,0.36,0.08
9646790,Squash,18-Jul-96,5,4,0.57,0.02
9646861,Squash,15-Aug-96,5,4,0.73,0.07
9746823,Squash,8-Jul-97,4.9,4,0.48,0.09
9746896,Squash,12-Aug-97,4.5,4,0.04,0.04
9846606,Squash,8-Jul-98,4.8,4,0.64,0.4
9846678,Squash,11-Aug-98,4.8,4,1.27,0.02
9946106,Squash,8-Jul-99,4.5,4,0.79,0.04
9946178,Squash,17-Aug-99,4.7,4,0.87,0.02
10046506,Squash,12-Jul-00,5.1,4,0.3,0.02
10046579,Squash,15-Aug-00,4.5,3.5,0.08,0.02
10146007,Squash,10-Jul-01,4.75,4,0.84,0.02
10146087,Squash,6-Sep-01,4.7,4,0.42,0.02
10246008,Squash,12-Sep-02,5,4,0.57,0.08
10246094,Squash,18-Sep-02,4.5,3.5,0.02,0.02
10346007,Squash,10-Jul-03,5,4,0.73,0.06
10346094,Squash,7-Aug-03,4.2,3,0.26,0.12
10446007,Squash,21-Jul-04,4.7,3.5,0.45,0.06
10446093,Squash,4-Aug-04,4.7,4,1.07,0.06
10546007,Squash,13-Jul-05,5.3,4,0.79,0.06
10546093,Squash,10-Aug-05,4.7,4,1.03,0.06
10646008,Squash,14-Jul-06,5,4,0.58,0.06
10646093,Squash,11-Aug-06,4.8,4,0.87,0.06
9446820,Squaw,28-Jun-94,5.8,5,0.03,1.14
9446907,Squaw,2-Aug-94,6,5,0.03,0.53
9446996,Squaw,31-Aug-94,5.9,5,0.01,0.47
9546857,Squaw,20-Jun-95,5.9,5,0.05,1.01
9546890,Squaw,8-Aug-95,6,5,0.04,0.32
9546984,Squaw,14-Sep-95,5.2,4,0.01,0.1
9646764,Squaw,26-Jun-96,6.5,3,0.01,0.71
9646833,Squaw,23-Jul-96,6.5,4,0.03,0.62
9646904,Squaw,21-Aug-96,6.2,5,0.01,0.36
9746867,Squaw,14-Jul-97,6.4,4,0.01,0.75
9746940,Squaw,18-Aug-97,6,5,0.03,0.27
9846670,Squaw,14-Jul-98,6.2,4,0,0.27
9846742,Squaw,12-Aug-98,6.7,4,0,0.18
9946170,Squaw,6-Jul-99,6.2,3,0.01,0.31
9946209,Squaw,16-Aug-99,5.7,5,0.01,0.13
10046537,Squaw,11-Jul-00,6.7,5,0.01,0.02
10046609,Squaw,14-Aug-00,6.6,5,0,0.02
10146042,Squaw,9-Jul-01,6.7,4,0.01,0.64
10146123,Squaw,5-Sep-01,6.6,5,0.02,0.16
10246040,Squaw,22-Aug-02,6.6,5,0.01,0.53
10246119,Squaw,19-Sep-02,5.7,5,0.09,0.08
10346040,Squaw,9-Jul-03,6.7,4,0.03,0.75
10346126,Squaw,6-Aug-03,6.9,3,0.02,0.36
10446039,Squaw,13-Jul-04,6.7,4,0.01,0.73
10446126,Squaw,3-Aug-04,6.5,3,0.02,0.41
10546040,Squaw,11-Jul-05,6.5,4,0.03,0.48
10546125,Squaw,8-Aug-05,6.4,4,0.01,0.2
10646039,Squaw,13-Jul-06,7.5,3,0.01,0.3
10646126,Squaw,9-Aug-06,6.7,4,0.01,0.06
10746013,Squaw,17-Jul-07,6.5,5,0.01,0.62
10746054,Squaw,2-Aug-07,6.5,3,0.01,0.34
10846014,Squaw,2-Jul-08,6.6,4,0.01,0.38
10846055,Squaw,7-Aug-08,6.5,5,0.03,0.11
11046014,Squaw,14-Jul-10,5.5,3,0.02,0.11
11046056,Squaw,10-Aug-10,5.7,5,0.02,0.11
11146011,Squaw,19-Jul-11,6.5,3,0.03,0.11
11146052,Squaw,17-Aug-11,6.8,5,0.04,0.111
11246012,Squaw,19-Jul-12,6.5,4,0.034,0.135
11246052,Squaw,14-Aug-12,4.8,4.5,0.041,0.02
9646747,Squaw,26-Jun-96,6.5,5,0.01,0.84
9646834,Squaw,23-Jul-96,6.5,5,0.02,0.53
9746868,Squaw,14-Jul-97,6.4,5,0.01,0.58
9846671,Squaw,14-Jul-98,6.2,5.5,0.06,0.33
9846743,Squaw,12-Aug-98,6.7,6,,0.04
9946171,Squaw,6-Jul-99,6.2,5.5,0,0.04
10046538,Squaw,11-Jul-00,6.7,6,0.21,0.02
10046610,Squaw,14-Aug-00,6.6,6,0.25,0.02
10146043,Squaw,9-Jul-01,6.7,6,0.07,0.37
10246041,Squaw,22-Aug-02,6.6,6,0.15,0.02
10346041,Squaw,9-Jul-03,6.7,6,0.13,0.51
10346127,Squaw,6-Aug-03,6.9,6,0.08,0.37
10446040,Squaw,13-Jul-04,6.7,6,0.1,0.6
10446127,Squaw,3-Aug-04,6.5,6,0.12,0.17
10546041,Squaw,11-Jul-05,6.5,6,0.07,0.38
10546126,Squaw,8-Aug-05,6.4,6,0.16,0.29
10646040,Squaw,13-Jul-06,7.5,6,0.12,0.24
10646127,Squaw,9-Aug-06,6.7,6,0.11,0.4
10746014,Squaw,17-Jul-07,6.5,6,0.01,0.62
10746055,Squaw,2-Aug-07,6.5,5,0.08,0.11
10846015,Squaw,2-Jul-08,6.6,6,0.07,0.34
10846056,Squaw,7-Aug-08,6.5,6,0.19,0.11
11046015,Squaw,14-Jul-10,5.5,5,0.02,0.11
11146012,Squaw,19-Jul-11,6.5,6,0.27,0.11
11146053,Squaw,17-Aug-11,6.8,6,0.29,0.111
11246013,Squaw,19-Jul-12,6.5,6,0.171,0.02
10246085,Sunday,27-Aug-02,6,2,0.05,0.17
10246127,Sunday,12-Sep-02,5.7,2,0.01,0.05
10346048,Sunday,10-Jul-03,5.6,1,0.08,0.17
10346134,Sunday,7-Aug-03,5.5,1,0.02,0.18
10446048,Sunday,21-Jul-04,5.8,1,0.1,0.19
10446134,Sunday,9-Aug-04,5.6,1,0.05,0.12
10546048,Sunday,13-Jul-05,5.2,1,0.01,0.06
10546134,Sunday,11-Aug-05,5.2,1,0.01,0.06
10646048,Sunday,24-Jul-06,5.5,1,0.02,0.2
10646134,Sunday,11-Aug-06,5.9,1,0.03,0.27
10246086,Sunday,27-Aug-02,6,5,0.77,0.02
10246128,Sunday,12-Sep-02,5.7,4,0.56,0.06
10346049,Sunday,10-Jul-03,5.6,5,0.32,0.07
10346135,Sunday,7-Aug-03,5.5,4.5,0.5,0.06
10446049,Sunday,21-Jul-04,5.8,4,0.47,0.06
10446135,Sunday,9-Aug-04,5.6,4,0.79,0.06
10546049,Sunday,13-Jul-05,5.2,4.5,0.32,0.06
10546135,Sunday,11-Aug-05,5.2,4,0.58,0.06
10646049,Sunday,24-Jul-06,5.5,4,0.38,0.06
10646135,Sunday,11-Aug-06,5.9,5,0.92,0.06
10246082,Trout,12-Aug-02,21,5,0.01,0.02
10246164,Trout,9-Sep-02,22,6,0.01,0.02
10346084,Trout,14-Jul-03,19.5,4,0,0.06
10346171,Trout,11-Aug-03,,,0,0.06
10346196,Trout,3-Sep-03,19,5,0.05,0.06
10446084,Trout,7-Jul-04,20,4,0.01,0.06
10446170,Trout,9-Aug-04,22,5,0.01,0.06
10546084,Trout,18-Jul-05,22.9,3,0.01,0.06
10546169,Trout,15-Aug-05,22,3,0.01,0.06
10646084,Trout,10-Jul-06,21,3,0.01,0.06
10646170,Trout,7-Aug-06,21,3,0.01,
10246084,Trout,12-Aug-02,21,20,0.37,0.31
10246165,Trout,9-Sep-02,22,21,0.66,0.02
10346085,Trout,14-Jul-03,19.5,18,0.11,0.06
10346172,Trout,11-Aug-03,,,0.42,0.06
10346197,Trout,3-Sep-03,19,18,0.29,0.06
10446086,Trout,7-Jul-04,20,19,0.11,0.22
10446172,Trout,9-Aug-04,22,19,0.32,0.06
10546085,Trout,18-Jul-05,22.9,21,0.18,0.46
10546171,Trout,15-Aug-05,22,20,0.46,0.06
10646086,Trout,10-Jul-06,21,20,0.11,0.06
10646171,Trout,7-Aug-06,21,19,0.21,0.14
9446821,West,30-Jun-94,4,3,0.06,0.13
9446873,West,25-Jul-94,4.2,1.5,0.19,0.08
9446939,West,23-Aug-94,4,2,0.03,0.06
9546820,West,13-Jun-95,4.5,3,0.03,0.1
9546922,West,15-Aug-95,4.1,2,0.1,0.02
9546957,West,6-Sep-95,4,3,0.02,0.02
9646707,West,18-Jun-96,4.3,1,0.02,0.21
9646782,West,18-Jul-96,4.2,1,0.16,0.18
9646853,West,15-Aug-96,4.1,1,0.04,0.22
9746816,West,10-Jul-97,4.1,2,0.03,0.22
9746889,West,12-Aug-97,3.9,2,0.03,0.09
9846607,West,8-Jul-98,4.1,2,0,0.09
9846679,West,11-Aug-98,4.1,1,0.01,0.02
9946107,West,7-Jul-99,3.6,2,0.01,0.04
9946179,West,17-Aug-99,3.8,1,0.03,0.04
10046507,West,12-Jul-00,4.4,2,0.02,0.02
10046580,West,15-Aug-00,4.4,2,0,0.02
10146008,West,10-Jul-01,4.2,1,0,0.05
10146088,West,6-Sep-01,3,2.5,0.01,0.05
10246009,West,12-Sep-02,4,2,0.01,0.02
10246095,West,19-Sep-02,4,3,0.04,0.08
10346008,West,10-Jul-03,3.8,2,0.06,0.06
10346095,West,7-Aug-03,4,2,0,0.06
10446008,West,21-Jul-04,4,1,0.04,0.06
10446094,West,4-Aug-04,4,1.5,0.03,0.06
10546008,West,13-Jul-05,4.5,1,0.01,0.06
10546094,West,10-Aug-05,3.5,2,0.01,0.06
10646009,West,14-Jul-06,4.6,2,0.03,0.06
10646094,West,11-Aug-06,4,2,0.01,0.06
9446874,West,25-Jul-94,4.2,4,0.42,0.05
9446940,West,23-Aug-94,4,3,0.03,0.09
9546821,West,13-Jun-95,4.5,4,0.05,0.13
9546923,West,15-Aug-95,4.1,3,,0.02
9646708,West,18-Jun-96,4.3,3.5,0.12,0.27
9646784,West,18-Jul-96,4.2,3,0.25,0.02
9646854,West,15-Aug-96,4.1,3,0.46,0.1
9746817,West,10-Jul-97,4.1,3.5,0.13,0.13
9746890,West,12-Aug-97,3.9,3,0.36,0.09
9846608,West,8-Jul-98,4.1,3.5,0.69,0.04
9846680,West,11-Aug-98,4.1,3,0.07,0.04
9946108,West,7-Jul-99,3.6,3,0,0.04
9946180,West,17-Aug-99,3.75,3,0.02,0.04
10046508,West,12-Jul-00,4.4,4,0.09,0.02
10046581,West,15-Aug-00,4.4,4,0.37,0.02
10146009,West,10-Jul-01,4.2,3,0.21,0.02
10246010,West,12-Sep-02,4,3,0.07,0.02
10346009,West,10-Jul-03,3.8,3,0.06,0.06
10346096,West,7-Aug-03,4,3.5,0,0.06
10446009,West,21-Jul-04,4,3,0.06,0.06
10446095,West,4-Aug-04,4,3,0.05,0.06
10546009,West,13-Jul-05,4.5,3.5,0.01,0.06
10546095,West,10-Aug-05,3.5,3,0.01,0.06
10646010,West,14-Jul-06,4.6,4,0.32,0.06
10646095,West,11-Aug-06,4,3,0.24,0.06
9446843,Wheeler,29-Jun-94,17,2,0.03,0.25
9446895,Wheeler,27-Jul-94,15.2,3,0.03,0.12
9446978,Wheeler,30-Aug-94,13.2,3,0.03,0.04
9546847,Wheeler,19-Jun-95,15.5,2,0.05,0.49
9546884,Wheeler,8-Aug-95,16.5,3,0.05,0.07
9546985,Wheeler,13-Sep-95,16,4,0.07,0.05
9646760,Wheeler,26-Jun-96,17,2,0.01,0.22
9646824,Wheeler,22-Jul-96,15,1,0.01,0.09
9646895,Wheeler,19-Aug-96,15.3,2,0.01,0.08
9746858,Wheeler,15-Jul-97,15.3,2,0.01,0.4
9746931,Wheeler,19-Aug-97,14.8,2,0.01,0.18
9846666,Wheeler,13-Jul-98,16,2,0.02,0.13
9846738,Wheeler,17-Aug-98,14.9,1,0.01,0.04
9946165,Wheeler,30-Jun-99,15.4,2,0.02,0.25
9946240,Wheeler,24-Aug-99,15.5,3,0.01,0.02
10046570,Wheeler,18-Jul-00,14.4,2,0.01,0.02
10046641,Wheeler,22-Aug-00,15.4,3,0,0.02
10146079,Wheeler,18-Jul-01,15.5,1,0.02,0.18
10146158,Wheeler,8-Aug-01,16.2,1,0.02,0.06
10246080,Wheeler,13-Aug-02,15,1,0.04,0.04
10246161,Wheeler,11-Sep-02,15.2,2,0.01,0.02
10346082,Wheeler,15-Jul-03,16,2,0.01,0.06
10346169,Wheeler,12-Aug-03,,,0.01,0.06
10346194,Wheeler,4-Sep-03,16,2,0.01,0.04
10446081,Wheeler,6-Jul-04,17.5,1,0.01,0.19
10446168,Wheeler,10-Aug-04,15,1,0.01,0.06
10546082,Wheeler,20-Jul-05,14.2,1,0.01,0.06
10546167,Wheeler,17-Aug-05,15.5,3,0.01,0.06
10646082,Wheeler,17-Jul-06,16,1,0.01,0.06
10646168,Wheeler,16-Aug-06,15,2,0.01,0.06
10746040,Wheeler,11-Jul-07,17.2,2,0.01,0.11
10846040,Wheeler,30-Jun-08,15.9,2,0.04,0.11
10846081,Wheeler,4-Aug-08,15,2,0.03,0.11
11046041,Wheeler,6-Jul-10,15.1,9,0.04,0
11046083,Wheeler,16-Aug-10,14.5,2,0.03,0.11
11146039,Wheeler,13-Jul-11,14.5,1,0.03,0.111
11146078,Wheeler,10-Aug-11,17,2,0.02,0.111
11246039,Wheeler,11-Jul-12,15,2,0.046,0.02
11246079,Wheeler,8-Aug-12,16,2,0.032,0.02
9446857,Wheeler,29-Jun-94,17,16,0.03,0.76
9446896,Wheeler,27-Jul-94,15.2,14,0.12,0.47
9446979,Wheeler,30-Aug-94,13.2,13,0.15,0.04
9546848,Wheeler,19-Jun-95,15.5,14,0.28,1.21
9546885,Wheeler,8-Aug-95,16.5,16,0.28,0.16
9546986,Wheeler,13-Sep-95,16,15,0.27,0.15
9646761,Wheeler,26-Jun-96,17,16,0.1,0.62
9646825,Wheeler,22-Jul-96,15,14,0.07,0.62
9646897,Wheeler,19-Aug-96,15.3,14,0.29,0.02
9746859,Wheeler,15-Jul-97,15.3,14,0.5,0.04
9746932,Wheeler,19-Aug-97,14.8,14,0.51,0.02
9846667,Wheeler,13-Jul-98,16,15,0.28,0.27
9846739,Wheeler,17-Aug-98,14.9,14,0.66,0.13
9946166,Wheeler,30-Jun-99,15.4,14,0.1,0.44
9946241,Wheeler,24-Aug-99,15.5,15,0.23,0.02
10046571,Wheeler,18-Jul-00,14.4,14,,1.13
10046642,Wheeler,22-Aug-00,15.4,15,0.48,0.02
10146080,Wheeler,18-Jul-01,15.5,15,0.54,0.02
10146159,Wheeler,8-Aug-01,16.2,15,0.67,0.02
10246081,Wheeler,13-Aug-02,15,14,0.18,0.08
10246162,Wheeler,11-Sep-02,15.2,14,0.42,0.02
10346083,Wheeler,15-Jul-03,16,14,0.25,0.06
10346170,Wheeler,12-Aug-03,,,0.52,0.06
10346195,Wheeler,4-Sep-03,16,15,0.53,0.06
10446082,Wheeler,6-Jul-04,17.5,15,0.39,0.06
10446169,Wheeler,10-Aug-04,15,15,0.64,0.06
10546083,Wheeler,20-Jul-05,14.2,13,0.16,0.06
10546168,Wheeler,17-Aug-05,15.5,14,0.38,0.06
10646083,Wheeler,17-Jul-06,16,15,0.32,0.06
10646169,Wheeler,16-Aug-06,15,14,0.37,0.14
10746041,Wheeler,11-Jul-07,17.2,16,0.64,0.11
10746082,Wheeler,7-Aug-07,,,0.73,0.11
10846041,Wheeler,30-Jun-08,15.9,15,0.4,0.11
10846082,Wheeler,4-Aug-08,15,14,0.59,0.11
11046042,Wheeler,6-Jul-10,15.1,14,0.43,0.11
11046084,Wheeler,16-Aug-10,14.5,14,1.27,0.01
11146040,Wheeler,13-Jul-11,14.5,13.5,0.04,0.94
11146079,Wheeler,10-Aug-11,17,16,0.55,0.11
11246040,Wheeler,11-Jul-12,15,14,0.034,0.806
11246080,Wheeler,8-Aug-12,16,13,0.276,0.381
10746081,Wheeler,7-Aug-07,,,0.01,0.11
9446657,Willis,31-Aug-94,2.5,2,0.03,0.02
9446832,Willis,28-Jun-94,2.7,2,0.03,0.02
9446902,Willis,27-Jul-94,2.5,2,0.03,0.06
9546863,Willis,21-Jun-95,2.4,2,0.06,0.29
9546895,Willis,9-Aug-95,2.6,2,0.08,0.02
9546992,Willis,12-Sep-95,2.5,2,0.01,0.28
9646738,Willis,17-Jun-96,3,2.5,0.01,0.02
9646806,Willis,22-Jul-96,2.7,2,0.01,0.02
9646878,Willis,19-Aug-96,2.7,2,0.01,0.09
9746841,Willis,14-Jul-97,2.6,2,0.01,0.02
9746913,Willis,18-Aug-97,2.6,2,0.03,0.09
9846641,Willis,13-Jul-98,2.6,2,0,0.17
9846713,Willis,10-Aug-98,2.7,2,0,0.04
9946141,Willis,29-Jun-99,2.6,2,0.02,0.04
9946214,Willis,23-Aug-99,2.4,2,0.01,0.04
10046544,Willis,18-Jul-00,2.8,2,0,
10046616,Willis,22-Aug-00,2.6,2,0,0.02
10146049,Willis,17-Jul-01,2.5,2,0.01,0.02
10146130,Willis,7-Aug-01,2.5,2,0,0.02
10246051,Willis,13-Aug-02,2.3,2,0.04,0.02
10246132,Willis,24-Sep-02,2.7,2,0.01,0.04
10346053,Willis,15-Jul-03,2.5,2,0,0.06
10346140,Willis,12-Aug-03,,,0.01,0.06
10446053,Willis,6-Jul-04,2.5,2,0.01,0.06
10446139,Willis,11-Aug-04,2.6,2,0.01,0.06
10546053,Willis,19-Jul-05,2.5,2,0.01,0.06
10546139,Willis,16-Aug-05,2.5,2,0.01,0.06
10646053,Willis,18-Jul-06,2.7,1,0.01,0.06
10646139,Willis,15-Aug-06,2.9,2,0.01,0.06
10646055,Willis,18-Jul-06,2.7,2,0.01,0.06
9446801,Willy's,20-Jun-94,10.2,9.5,0.03,2.05
9446898,Willy's,27-Jul-94,10,5,0.03,1.68
9446958,Willy's,24-Aug-94,9.7,9,0.03,1.4
9546827,Willy's,14-Jun-95,12,5,0.03,1.85
9546915,Willy's,16-Aug-95,9.4,9,,0.65
9546952,Willy's,7-Sep-95,12,11,0.04,1.21
9646732,Willy's,19-Jun-96,12.2,2,0.01,2.26
9646795,Willy's,16-Jul-96,11,4,0.01,2.11
9646866,Willy's,14-Aug-96,12.1,5,0.01,1.99
9746829,Willy's,8-Jul-97,12.1,5,0.03,2.13
9746902,Willy's,14-Aug-97,11.5,7,0.04,1.82
9846635,Willy's,8-Jul-98,12.1,0.4,0.01,1.43
9846707,Willy's,12-Aug-98,11.5,6,0.02,1.42
9946136,Willy's,7-Jul-99,12.7,6,0.02,1.28
9946206,Willy's,17-Aug-99,12.1,10,0.02,0.89
10046535,Willy's,12-Jul-00,12.1,5,0.01,1.4
10046607,Willy's,15-Aug-00,12.2,5,0.01,0.78
10146040,Willy's,10-Jul-01,11.3,5,0.01,1.36
10146121,Willy's,6-Sep-01,11.7,9,0.05,1.01
10246038,Willy's,13-Sep-02,9,7,0.03,0.82
10246117,Willy's,18-Sep-02,11.9,9,0.05,0.85
10346038,Willy's,9-Jul-03,11.5,4,0.02,1.3
10346123,Willy's,6-Aug-03,12.3,6,0.02,1.07
10446037,Willy's,13-Jul-04,11.3,5,0.01,1.31
10446123,Willy's,3-Aug-04,12.5,5,0.01,1.16
10546037,Willy's,12-Jul-05,12,5,0.01,1.19
10546122,Willy's,9-Aug-05,12.1,7,0.01,0.93
10646037,Willy's,13-Jul-06,13.1,4,0.01,0.7
10646124,Willy's,10-Aug-06,12.1,5,0.01,0.52
9446899,Willy's,27-Jul-94,10,9,0.03,1.29
9546828,Willy's,14-Jun-95,12,11,0.01,1.53
9646734,Willy's,19-Jun-96,12.2,11,0.05,2.13
9646796,Willy's,16-Jul-96,11,10,0.02,2.11
9646867,Willy's,14-Aug-96,12.1,11,0.05,1.86
9746830,Willy's,8-Jul-97,12.1,11,0.04,2.17
9746903,Willy's,14-Aug-97,11.5,10,0.01,1.68
9846637,Willy's,8-Jul-98,12.1,11,0.08,1.22
9846709,Willy's,12-Aug-98,11.5,11,0.1,1.2
9946137,Willy's,7-Jul-99,12.7,11,0,0.8
9946207,Willy's,17-Aug-99,12.1,11,0.03,0.75
10046536,Willy's,12-Jul-00,12.1,12,0.03,1.17
10046608,Willy's,15-Aug-00,12.2,11,0.05,0.84
10146041,Willy's,10-Jul-01,11.3,11,0.07,1.28
10146122,Willy's,6-Sep-01,11.7,11,0.01,1.19
10246118,Willy's,18-Sep-02,11.9,11,0.01,0.24
10346039,Willy's,9-Jul-03,11.5,10,0.03,1.18
10346124,Willy's,6-Aug-03,12.3,11,0.02,0.79
10446038,Willy's,13-Jul-04,11.3,11,0.04,1.18
10446124,Willy's,3-Aug-04,12.5,12,0.1,0.69
10546039,Willy's,12-Jul-05,12,11,0.01,1.01
10546124,Willy's,9-Aug-05,12.1,11,0.01,0.67
10646038,Willy's,13-Jul-06,13.1,12,0.05,0.87
10646125,Willy's,10-Aug-06,12.1,11,0.06,0.7
9446804,Windfall,20-Jun-94,5.6,5,0.03,1.51
9446866,Windfall,25-Jul-94,5.7,3,0.03,0.9
9446936,Windfall,23-Aug-94,5.3,5,0.03,0.6
9546814,Windfall,13-Jun-95,5.3,3,0.01,2.31
9546907,Windfall,15-Aug-95,5.5,4,0.03,1.19
9546945,Windfall,6-Sep-95,5.3,5,0.02,0.41
9646725,Windfall,18-Jun-96,6.1,2,0.01,1.86
9646780,Windfall,18-Jul-96,5.7,3,0.01,1.55
9646851,Windfall,15-Aug-96,5.4,4,0.01,0.84
9746814,Windfall,10-Jul-97,5.6,4,0.01,1.86
9746886,Windfall,12-Aug-97,5.7,4,0.01,0.97
9846627,Windfall,8-Jul-98,5.7,2,0.01,1.06
9846699,Windfall,11-Aug-98,5.7,3,0.01,0.58
9946127,Windfall,7-Jul-99,5.8,3,0.03,0.97
9946198,Windfall,17-Aug-99,15.1,4,0.02,0.27
10046527,Windfall,12-Jul-00,5.7,4,0.02,0.95
10046598,Windfall,15-Aug-00,5.6,4,0.03,0.51
10146031,Windfall,10-Jul-01,5.3,3,0.01,1.46
10146112,Windfall,6-Sep-01,5.7,5,0.02,0.34
10246030,Windfall,28-Aug-02,5.5,4,0.01,0.16
10246171,Windfall,24-Sep-02,5.5,5,0.01,0.02
10346030,Windfall,10-Jul-03,5.9,2,0.01,0.93
10346114,Windfall,7-Aug-03,6.1,2,0,0.27
10446028,Windfall,21-Jul-04,6,3,0,0.46
10446115,Windfall,4-Aug-04,5.7,3,0.01,0.23
10546029,Windfall,13-Jul-05,5.7,3,0.01,0.78
10546113,Windfall,10-Aug-05,5.6,3,0.01,0.37
10646028,Windfall,14-Jul-06,6.1,2,0.01,0.63
10646115,Windfall,10-Aug-06,5.9,2,0.01,0.24
9446883,Windfall,25-Jul-94,5.7,5,0.03,0.58
9546815,Windfall,13-Jun-95,5.3,5,0.04,2.24
9546908,Windfall,15-Aug-95,5.5,5,0.07,1.05
9646726,Windfall,18-Jun-96,6.1,5,0.01,1.9
9646781,Windfall,18-Jul-96,5.7,5,0.07,0.51
9646852,Windfall,15-Aug-96,5.4,5,0.01,0.09
9746815,Windfall,10-Jul-97,5.6,5,0.01,1.2
9746888,Windfall,12-Aug-97,5.7,5,0.01,0.04
9846628,Windfall,8-Jul-98,5.7,5,0.04,0.16
9846700,Windfall,11-Aug-98,5.7,5,0.21,0.13
9946129,Windfall,7-Jul-99,5.75,5,0.16,0.13
10046528,Windfall,12-Jul-00,5.7,5,0.1,0.02
10046600,Windfall,15-Aug-00,5.6,5,0.11,0.02
10146032,Windfall,10-Jul-01,5.3,5,0.02,0.13
10246031,Windfall,28-Aug-02,5.5,5,0.02,0.02
10346031,Windfall,10-Jul-03,5.9,5,0.01,0.95
10346115,Windfall,7-Aug-03,6.1,5,0,0.3
10446029,Windfall,21-Jul-04,6,5,0.08,0.06
10446116,Windfall,4-Aug-04,5.7,5,0.07,0.06
10546030,Windfall,13-Jul-05,5.7,5,0.1,0.29
10546114,Windfall,10-Aug-05,5.6,5,0.07,0.19
10646029,Windfall,14-Jul-06,6.1,5,0.14,0.37
10646116,Windfall,10-Aug-06,5.9,5,,0.06

