_EF_NAICS_EZ.NAICS_CODE,V_EF_NAICS_EZ.REGISTRY_ID,V_EF_NAICS_EZ.STATE_CODE
221112,110000312180,RI
32551,110042010203,RI
22131,110000574361,RI
22132,110000546516,RI
562219,110000735740,RI
422710,110000312894,RI
332312,110022434070,RI
54171,110022434098,RI
61131,110012194268,RI
336612,110029952102,RI
221112,110001663450,RI
811111,110004910883,RI
4471,110007825256,RI
311812,110004911016,RI
49311,110002087321,RI
45299,110004911524,RI
92411,110004911926,RI
339932,110001662692,RI
2211,110004913176,RI
333291,110004913238,RI
333512,110004913826,RI
212321,110004914380,RI
811111,110004914415,RI
811112,110004914460,RI
811111,110004914656,RI
332813,110004914861,RI
4471,110004915593,RI
62211,110001663398,RI
71393,110004916093,RI
81232,110004916128,RI
811111,110004916137,RI
44111,110006434475,RI
488999,110004917029,RI
324199,110004917546,RI
71399,110004917644,RI
621112,110004917840,RI
61111,110004917911,RI
4471,110004918643,RI
92119,110007826709,RI
453998,110004918705,RI
336211,110004918876,RI
811111,110009441229,RI
71393,110004919198,RI
44112,110004919269,RI
4471,110004920060,RI
44112,110007826898,RI
339914,110009441354,RI
811121,110004920845,RI
485999,110012296327,RI
485999,110043481915,RI
811121,110004921149,RI
811111,110004921158,RI
812331,110001663815,RI
811121,110004921201,RI
811121,110004921210,RI
212321,110001664208,RI
32732,110009441577,RI
62121,110004921808,RI
322213,110004922120,RI
62121,110004922273,RI
621498,110009441737,RI
62121,110004922335,RI
62121,110004922344,RI
621511,110004923094,RI
4471,110007827334,RI
333515,110000895087,RI
562998,110000760757,RI
811111,110004924146,RI
313221,110001662790,RI
811121,110004924716,RI
71399,110004925047,RI
48521,110004925083,RI
81232,110004925136,RI
811121,110004925181,RI
62121,110004925207,RI
81232,110004925635,RI
334419,110009442184,RI
62121,110004925760,RI
332721,110009438750,RI
339913,110004904006,RI
62121,110004926377,RI
61131,110004926420,RI
62211,110004926607,RI
811121,110004926634,RI
811111,110004926938,RI
333514,110004927170,RI
4471,110004927438,RI
811111,110004927571,RI
62121,110004927599,RI
621112,110004927759,RI
62121,110004927786,RI
62121,110004927839,RI
333514,110004927866,RI
332116,110009444137,RI
811111,110004905675,RI
56173,110006434288,RI
81232,110004906022,RI
336399,110004906585,RI
334512,110001664324,RI
326199,110000312082,RI
811111,110004907165,RI
81149,110004907183,RI
81232,110004907842,RI
332721,110004907897,RI
811111,110004908020,RI
71393,110004908431,RI
54194,110004908459,RI
811111,110004908627,RI
811111,110004908912,RI
62211,110001663343,RI
62311,110007824970,RI
61111,110004910525,RI
326299,110000312108,RI
339941,110000312153,RI
313320,110000312251,RI
327331,110004929178,RI
323122,110000312199,RI
928110,110004896088,RI
321114,110025158567,RI
332999,110004925902,RI
327331,110009439394,RI
339914,110004902936,RI
332813,110001663511,RI
332813,110004906326,RI
325620,110043555630,RI
71151,110017775273,RI
44611,110032960213,RI
326112,110000312340,RI
335929,110000312439,RI
332721,110004899245,RI
332999,110000312518,RI
811121,110004930987,RI
811121,110016712636,RI
325211,110007824293,RI
326199,110029952102,RI
331528,110004903445,RI
335999,110004932912,RI
424710,110001663174,RI
424710,110039019193,RI
221122,110000820005,RI
332813,110010955154,RI
48211,110010955181,RI
332813,110000841956,RI
54194,110015686355,RI
811113,110015824697,RI
62121,110015824777,RI
325611,110001664574,RI
339914,110012483400,RI
334512,110004912587,RI
811121,110004918242,RI
44111,110018900894,RI
44111,110018900910,RI
54133,110017278079,RI
3399,110000762942,RI
32612,110000312750,RI
325612,110043555630,RI
562212,110009321705,RI
3251,110000753408,RI
621498,110020480371,RI
56211,110004900377,RI
331419,110004903472,RI
339914,110020892373,RI
81119,110020745693,RI
32311,110022305423,RI
81149,110022824452,RI
339914,110004903043,RI
811118,110004896541,RI
339911,110004903864,RI
4471,110004917118,RI
811111,110004924896,RI
48811,110007827502,RI
62121,110009442772,RI
811121,110004905568,RI
336322,110004905979,RI
335999,110004906086,RI
22132,110007824612,RI
334517,110004925476,RI
4471,110009442157,RI
532412,110004906479,RI
32511,110007824694,RI
812922,110017278097,RI
339114,110017613741,RI
339911,110002087688,RI
4471,110004902213,RI
339941,110002087349,RI
333512,110004899557,RI
51711,110021015364,RI
325414,110012520600,RI
81112,110014362554,RI
54143,110032659585,RI
33281,110014441103,RI
333132,110031292447,RI
334119,110002087802,RI
4471,110004925948,RI
62121,110004926135,RI
333292,110004926484,RI
42469,110000602955,RI
81232,110001663272,RI
92216,110004917127,RI
811111,110004917252,RI
336212,110009440998,RI
811111,110004917895,RI
331419,110002438363,RI
811111,110004918493,RI
336412,110002087269,RI
44719,110009441489,RI
561499,110004905407,RI
811198,110004921265,RI
49311,110004919688,RI
336399,110004920319,RI
314999,110001664048,RI
333618,110004921381,RI
335929,110000312402,RI
339914,110004913381,RI
452112,110012194008,RI
811198,110004909038,RI
333996,110009439606,RI
332999,110004909270,RI
2211,110007825050,RI
325998,110004907744,RI
4471,110004908146,RI
21231,110007177090,RI
812921,110031396139,RI
71393,110031429853,RI
42312,110031433704,RI
811121,110031437327,RI
811118,110031401178,RI
621391,110031434062,RI
811121,110031431403,RI
332813,110009440453,RI
811121,110009440532,RI
81111,110031303097,RI
331491,110031343240,RI
541922,110032659978,RI
441229,110004914264,RI
44719,110004914503,RI
44131,110004914870,RI
44111,110004915067,RI
621112,110004909582,RI
81232,110004910026,RI
339914,110009439866,RI
339914,110009439900,RI
332813,110004910981,RI
811111,110009439973,RI
333291,110004911169,RI
61131,110007825318,RI
336612,110007176536,RI
532412,110024832742,RI
4471,110007826308,RI
4471,110004915628,RI
54162,110004915664,RI
811111,110007826335,RI
811111,110004916299,RI
811111,110004916645,RI
4471,110004916887,RI
811198,110004916994,RI
62121,110007827209,RI
621112,110009441684,RI
81232,110004922022,RI
325992,110009441719,RI
44719,110007827316,RI
4471,110004923236,RI
811111,110004921577,RI
811111,110004921595,RI
44719,110004923370,RI
44719,110004923389,RI
4471,110004923441,RI
621112,110004923799,RI
92119,110007827361,RI
56174,110004923959,RI
811111,110004924495,RI
44131,110033622747,RI
62121,110004919161,RI
4471,110004920818,RI
62121,110004921728,RI
4471,110004923423,RI
44611,110035439558,RI
327320,110009441577,RI
337215,110015784418,RI
325211,110004930825,RI
332811,110004897112,RI
339995,110001664413,RI
313221,110021277875,RI
332813,110004900199,RI
332813,110022506741,RI
3399,110004930629,RI
2211,110009450478,RI
326199,110012708150,RI
332813,110021278874,RI
3399,110000895130,RI
812320,110021350795,RI
33351,110000496044,RI
611310,110021350857,RI
45431,110032893938,RI
313320,110021347381,RI
3399,110000901490,RI
454312,110001663174,RI
53112,110021082665,RI
812320,110004917207,RI
812320,110004926028,RI
812320,110015686337,RI
3399,110021175896,RI
812320,110004930488,RI
611310,110021175958,RI
53112,110011396328,RI
925110,110021277679,RI
925110,110021277697,RI
3399,110004909957,RI
324121,110001662610,RI
332813,110016692408,RI
333319,110021355987,RI
812320,110004897513,RI
325510,110012480225,RI
3261,110021357324,RI
313311,110021176216,RI
332813,110001664182,RI
32612,110000312732,RI
622210,110010364845,RI
32612,110000312082,RI
48811,110038053469,RI
334512,110000771898,RI
71393,110037085301,RI
334518,110037442005,RI
332811,110037442014,RI
323114,110037442023,RI
332213,110037442087,RI
33322,110037441890,RI
62121,110037442158,RI
54171,110037442185,RI
44611,110037442194,RI
237310,110042393406,RI
326199,110004907281,RI
45211,110037441809,RI
811198,110004923931,RI
812921,110017278088,RI
339911,110001663423,RI
62121,110004917635,RI
339999,110007824961,RI
56173,110004909243,RI
332812,110004906601,RI
53112,110024439758,RI
81149,110038910131,RI
44112,110032659996,RI
339116,110004900055,RI
49311,110009439009,RI
325188,110035831222,RI
81231,110004912569,RI
49311,110037442096,RI
81232,110004905746,RI
325211,110007824694,RI
51711,110038910462,RI
221122,110038910499,RI
51711,110038862718,RI
62121,110004935321,RI
45291,110004936605,RI
44411,110038910186,RI
62121,110038910319,RI
56174,110038910355,RI
3219,110001664048,RI
561439,110004925118,RI
81232,110012481411,RI
331111,110000762951,RI
32532,110042010203,RI
811411,110022305389,RI
44422,110022305405,RI
81112,110009438199,RI
48841,110004898745,RI
51711,110031405218,RI
621399,110039562871,RI
339992,110001662889,RI
331528,110000871290,RI
332721,110002087161,RI
335929,110012798641,RI
326199,110043555630,RI
313230,110001663762,RI
484122,110040101617,RI
221320,110000760739,RI
3399,110001662745,RI
23731,110040135083,RI
3329,110008053499,RI
81112,110044831475,RI
3399,110038789834,RI
333314,110044831439,RI
541511,110000904996,RI
221320,110000762096,RI
332312,110044831448,RI
611110,110001991578,RI
611310,110028720169,RI
32311,110001663209,RI
4471,110014389107,RI
485410,110004897014,RI
321114,110006693765,RI
11121,110041679476,RI
488490,110004936339,RI
45211,110004921345,RI
325613,110002087740,RI
441110,110004905906,RI
3399,110031266065,RI
4931,110000499318,RI
11251,110009701135,RI
313311,110009813309,RI
114111,110013738054,RI
331528,110002087526,RI
335122,110004913041,RI
922140,110007176876,RI
333994,110000313036,RI
323122,110001663209,RI
488490,110009813283,RI
713940,110006693658,RI
221320,110000735740,RI
325211,110000499292,RI
928110,110004911720,RI
454311,110020546293,RI
313111,110000772085,RI
339941,110000313009,RI
313320,110001663959,RI
11251,110006693541,RI
221320,110000546516,RI
4471,110017693913,RI
238910,110009439009,RI
4471,110004902160,RI
331521,110000905003,RI
326113,110037522865,RI
3251,110038789870,RI
313210,110001663138,RI
335121,110000312992,RI
31151,110002316048,RI
311712,110017359730,RI
531110,110001663682,RI
332911,110008053499,RI
3261,110022506769,RI
325910,110001664574,RI
332722,110002450516,RI
325510,110038789843,RI
3399,110001662567,RI
212299,110000496044,RI
22121,110001663584,RI
333992,110004903579,RI
332812,110024439758,RI
48811,110041392123,RI
48811,110041392178,RI
48811,110041392212,RI
48811,110041472527,RI
48811,110041465090,RI
48811,110041609907,RI
562212,110041417375,RI
313230,110038726288,RI
313221,110004936400,RI
313311,110041234223,RI
33221,110000312983,RI
325510,110041235776,RI
313221,110041235829,RI
325520,110041233732,RI
423930,110000618662,RI
423930,110004925706,RI
334518,110021276368,RI
221210,110040441242,RI
339912,110040851913,RI
45431,110040861421,RI
331316,110021276322,RI
812320,110040899249,RI
32612,110004907281,RI
322221,110042010249,RI
2211,110041695742,RI
221122,110041695751,RI
32311,110004924137,RI
44312,110042191918,RI
51711,110041695859,RI
48521,110004932789,RI
811121,110007823463,RI
42393,110000618662,RI
621511,110001662576,RI
332618,110004936366,RI
339932,110007823757,RI
23713,110043555541,RI
334419,110002087606,RI
331491,110004904391,RI
713930,110039151422,RI
483111,110004924538,RI
42469,110020686159,RI
62151,110043555569,RI
339911,110001663183,RI
42312,110004907067,RI
211111,110040441242,RI
332813,110001662941,RI
331222,110002087205,RI
332813,110002087303,RI
336611,110007222861,RI
336322,110031266662,RI
322222,110001662996,RI
322215,110009700831,RI
331422,110001664262,RI
441221,110043192390,RI
334119,110004936570,RI
44131,110043587099,RI
332812,110043854834,RI
811111,110043853229,RI
45291,110043860505,RI
32521,110043985621,RI
322214,110043555630,RI
11111,110044991925,RI
335999,110000771898,RI
339914,110000312475,RI
327212,110000312411,RI
32562,110043555630,RI
44122,110020119673,RI
321211,110004908440,RI
45431,110000313152,RI
2211,110000312796,RI
322222,110000312108,RI
61111,110026260748,RI
811111,110004911098,RI
31321,110009439946,RI
2211,110007825461,RI
336211,110004912541,RI
811111,110004913504,RI
811198,110004914102,RI
3219,110004914219,RI
441229,110007826059,RI
811111,110004914488,RI
811111,110004915110,RI
811121,110004915441,RI
4471,110006434457,RI
61131,110021350857,RI
811111,110004916707,RI
62121,110009441041,RI
62121,110004917706,RI
62121,110004917715,RI
4471,110004917760,RI
92119,110007826852,RI
48849,110004919660,RI
811121,110004919866,RI
511191,110004920532,RI
453998,110004920701,RI
44111,110007827101,RI
621112,110009441639,RI
3323,110009441648,RI
326212,110004921979,RI
62311,110004922059,RI
62121,110004922184,RI
44111,110009441728,RI
332721,110004922825,RI
621112,110009441871,RI
4471,110004923272,RI
92412,110007827343,RI
62211,110009438509,RI
62121,110007827414,RI
811111,110004924538,RI
621112,110004924547,RI
33991,110001134273,RI
54138,110004903150,RI
333292,110004903258,RI
811111,110004925145,RI
811111,110004925653,RI
339914,110004903383,RI
33991,110009438796,RI
339911,110000312910,RI
325998,110016692408,RI
62121,110009442237,RI
92411,110009442371,RI
62121,110004926448,RI
62121,110004926527,RI
811111,110004926858,RI
811121,110004926885,RI
311511,110004904471,RI
44131,110006434260,RI
44111,110004904989,RI
811198,110004905050,RI
44111,110004905194,RI
441221,110004905327,RI
81232,110001663780,RI
339999,110007824220,RI
811121,110004927376,RI
71399,110004927394,RI
62121,110009442816,RI
44111,110004905853,RI
44111,110004906004,RI
81232,110001664235,RI
61131,110004906451,RI
811111,110004906736,RI
332722,110002087250,RI
811111,110004907147,RI
811121,110004907539,RI
311812,110004907815,RI
48411,110004908119,RI
811121,110004908235,RI
339914,110000313161,RI
332722,110004908645,RI
81232,110004908832,RI
81232,110004909074,RI
334511,110004909387,RI
811111,110004909500,RI
453998,110028184532,RI
326199,110004909813,RI
811111,110004910641,RI
327320,110004929178,RI
336612,110012480868,RI
325211,110000312215,RI
336611,110021278918,RI
336611,110024428118,RI
811111,110004910446,RI
332813,110000312536,RI
331491,110000312545,RI
336612,110000312572,RI
334511,110000904996,RI
336612,110004916155,RI
811121,110004916681,RI
811121,110004929766,RI
811121,110016712930,RI
811121,110004905390,RI
62121,110004931922,RI
44611,110000312858,RI
81112,110015322248,RI
44611,110015666705,RI
326199,110000312732,RI
424690,110000602955,RI
221112,110000312796,RI
325998,110000312849,RI
339911,110000312938,RI
332813,110000312947,RI
325998,110000313018,RI
325998,110000313072,RI
325132,110000313189,RI
621111,110004922692,RI
811121,110018900992,RI
326199,110004906558,RI
811121,110018900830,RI
339911,110018900849,RI
33312,110018900858,RI
54138,110018901036,RI
811121,110017278140,RI
3399,110000313027,RI
486210,110007222852,RI
811121,110020892355,RI
23731,110020891141,RI
44411,110022305405,RI
61131,110022530821,RI
337127,110007824248,RI
332813,110004903034,RI
332722,110004903365,RI
332721,110004903409,RI
42471,110000313152,RI
811121,110004896845,RI
811121,110004897372,RI
56174,110007827441,RI
33636,110002058629,RI
339999,110001662941,RI
332211,110004903711,RI
333319,110009442736,RI
212319,110007827744,RI
48111,110004927410,RI
454311,110004924761,RI
811111,110009442022,RI
454311,110004924869,RI
333514,110004924921,RI
323122,110004925243,RI
4471,110004927447,RI
4471,110007827753,RI
62121,110009442781,RI
81232,110004930488,RI
11111,110004930923,RI
811111,110004905817,RI
811198,110004906040,RI
332813,110004906371,RI
811121,110004931049,RI
812922,110004931717,RI
81232,110004925626,RI
81149,110020892417,RI
339914,110009438849,RI
333319,110009438929,RI
81149,110004898790,RI
92811,110022516222,RI
339911,110004901642,RI
339914,110004901679,RI
339999,110004904845,RI
44511,110009439027,RI
313311,110004905032,RI
454311,110004905274,RI
811111,110004905292,RI
339914,110004902605,RI
339911,110012480742,RI
332618,110000312386,RI
339911,110004902874,RI
33995,110004933485,RI
61131,110007828360,RI
45291,110004936455,RI
44411,110012565385,RI
92612,110015686373,RI
336612,110007827584,RI
332813,110009442246,RI
313249,110015790312,RI
62121,110009442344,RI
332995,110004926581,RI
62121,110004926689,RI
811111,110004917573,RI
811198,110009441130,RI
811111,110004918260,RI
332721,110004918616,RI
811121,110004918634,RI
4471,110004919376,RI
81232,110004919820,RI
81232,110004919928,RI
484121,110024428083,RI
61131,110024438526,RI
23822,110024439749,RI
811111,110024439794,RI
339999,110004912293,RI
333994,110004912943,RI
811121,110004912961,RI
4841,110004913577,RI
334515,110009439241,RI
339911,110000312876,RI
811121,110004907450,RI
62131,110004898237,RI
452112,110024557497,RI
331491,110002087152,RI
332721,110004908397,RI
333512,110004908618,RI
33991,110004908985,RI
334414,110001662914,RI
621399,110004909430,RI
32732,110009439394,RI
4471,110004907922,RI
811121,110031423029,RI
44719,110031431699,RI
71393,110031404736,RI
62121,110031433964,RI
92612,110031404825,RI
333315,110031403513,RI
45291,110031433651,RI
48621,110031404816,RI
811111,110031408475,RI
62121,110031440037,RI
811111,110031396727,RI
811111,110031399270,RI
339914,110031416448,RI
811111,110031325723,RI
45211,110032659905,RI
48849,110004914479,RI
811111,110004915076,RI
621399,110004909733,RI
811118,110007825103,RI
4471,110007825194,RI
611519,110004910856,RI
811111,110004911365,RI
4471,110007825586,RI
61131,110024869187,RI
4471,110007826326,RI
441229,110009440783,RI
811111,110004916191,RI
48849,110004922736,RI
811118,110004923129,RI
811191,110004923165,RI
4471,110004923174,RI
44711,110004923254,RI
333514,110004923637,RI
621112,110004923940,RI
339913,110004924002,RI
811111,110004924477,RI
531190,110002058790,RI
611110,110001663744,RI
332813,110004936142,RI
33995,110004935278,RI
339911,110000762988,RI
621112,110004916823,RI
811111,110004918484,RI
454312,110007826941,RI
621112,110004921719,RI
92119,110004922683,RI
336611,110035439549,RI
562112,110035439585,RI
332813,110021349619,RI
339911,110004907290,RI
334514,110009441648,RI
325510,110021278785,RI
3399,110009441354,RI
313221,110004932360,RI
812320,110004908832,RI
313221,110004903463,RI
324121,110004921620,RI
622110,110001663343,RI
325510,110002087553,RI
332813,110000312224,RI
333911,110012482713,RI
3399,110000820023,RI
3399,110002087214,RI
812320,110004925136,RI
339911,110021347416,RI
314999,110015790312,RI
812320,110021347434,RI
339993,110021347443,RI
812320,110004905719,RI
3399,110012482045,RI
339911,110000312260,RI
812320,110004905826,RI
812320,110004898790,RI
812320,110021276297,RI
611310,110004928124,RI
336611,110009438689,RI
311711,110000735704,RI
336611,110001991532,RI
812320,110009439991,RI
622210,110022665043,RI
53131,110040516867,RI
335931,110000895096,RI
48811,110038001630,RI
454312,110000312894,RI
331422,110037963718,RI
221320,110000760757,RI
81149,110000312572,RI
313312,110000312199,RI
331311,110000313018,RI
81149,110037441998,RI
62121,110037442041,RI
334512,110037441952,RI
621111,110037442130,RI
484122,110037442149,RI
811121,110004907272,RI
45439,110004923673,RI
334516,110007827940,RI
62121,110004931496,RI
811212,110017278159,RI
339112,110000762675,RI
325199,110035831222,RI
339914,110004931058,RI
312111,110018901018,RI
811111,110004902053,RI
441221,110004918983,RI
81232,110004898790,RI
45291,110004900153,RI
44111,110004900251,RI
62121,110009443183,RI
53212,110004929560,RI
333515,110007824131,RI
335999,110010955154,RI
44131,110006434705,RI
44313,110014440907,RI
44313,110014440925,RI
811191,110015322890,RI
44612,110038910248,RI
33271,110038910257,RI
71393,110038910328,RI
811118,110038862665,RI
81112,110038910408,RI
53249,110038910417,RI
337214,110007824248,RI
339115,110004903052,RI
334419,110000313009,RI
92811,110004913336,RI
811111,110004914120,RI
811121,110004914120,RI
327991,110016712850,RI
339116,110018900821,RI
322222,110018901036,RI
541611,110020480399,RI
48411,110042010203,RI
335313,110002087287,RI
335314,110002087287,RI
811411,110022305370,RI
811121,110024258729,RI
32551,110009438796,RI
325192,110000312457,RI
33121,110009441005,RI
45291,110004898736,RI
326199,110007824293,RI
333514,110004903766,RI
48412,110039562862,RI
424690,110014428182,RI
81112,110009439679,RI
313311,110000312723,RI
332999,110004902543,RI
32615,110043985621,RI
44111,110004931423,RI
81112,110004931423,RI
811121,110040101635,RI
334517,110031433973,RI
331511,110007176607,RI
221320,110009444869,RI
488490,110006802692,RI
811121,110017775246,RI
332813,110000312260,RI
325411,110000753408,RI
326160,110001663003,RI
3399,110012483785,RI
336322,110002087642,RI
237310,110009439009,RI
3399,110002087410,RI
3399,110000312956,RI
4471,110001664351,RI
334513,110002058692,RI
454311,110009814077,RI
335912,110045298771,RI
2211,110017413191,RI
3399,110001133933,RI
454311,110004917733,RI
339992,110038790993,RI
812220,110004910963,RI
332811,110002087205,RI
3152,110000312741,RI
488490,110009813274,RI
3399,110000762933,RI
331491,110000313054,RI
334411,110004908529,RI
4471,110012295710,RI
321211,110012803154,RI
332321,110002087296,RI
339911,110004896319,RI
488490,110007827600,RI
221320,110000915109,RI
31331,110038789861,RI
221320,110002051868,RI
3399,110012481126,RI
4471,110017849319,RI
622110,110038789790,RI
3399,110001663478,RI
325611,110028174366,RI
3399,110000312260,RI
327320,110007176750,RI
4471,110009441906,RI
332813,110002087606,RI
339993,110001662969,RI
221320,110002051902,RI
928110,110006693756,RI
713930,110032602039,RI
812320,110004921247,RI
31331,110001662905,RI
4471,110028184621,RI
313311,110001662638,RI
326211,110000312368,RI
33995,110040374537,RI
48811,110041392169,RI
48811,110041392196,RI
42469,110041426506,RI
3399,110000312108,RI
324121,110041628352,RI
334512,110041625747,RI
2211,110041234161,RI
32612,110009700831,RI
3399,110000312947,RI
32612,110004903515,RI
325211,110041233741,RI
313221,110041234508,RI
313311,110000772085,RI
325314,110000729944,RI
334518,110012481858,RI
324121,110040899267,RI
812320,110004896532,RI
3399,110001662932,RI
334518,110001664128,RI
51711,110041695779,RI
51711,110041695788,RI
51711,110041695822,RI
51711,110041695886,RI
332311,110004932565,RI
325199,110000313143,RI
334512,110004901802,RI
333292,110032754277,RI
54138,110000820014,RI
332812,110001662718,RI
334413,110000312590,RI
811121,110041679458,RI
323113,110041679494,RI
562119,110041679528,RI
339999,110041679582,RI
713930,110041923185,RI
332999,110000762960,RI
485410,110042394496,RI
485410,110042374356,RI
331419,110000905003,RI
424710,110000581282,RI
81112,110015666714,RI
332618,110000312858,RI
325131,110043192407,RI
326199,110000312750,RI
81121,110004917190,RI
339999,110004925902,RI
313221,110002337007,RI
54171,110043229217,RI
44412,110004910008,RI
811121,110044991881,RI
32311,110018900956,RI
32311,110004902570,RI
32311,110006119468,RI
32732,110043779060,RI
61131,110043860523,RI
44412,110043860514,RI
221310,110028184532,RI
81111,110004908690,RI
81149,110004901009,RI
325199,110016692408,RI
49311,110038168096,RI
332811,110000313036,RI
22131,110004922415,RI
62149,110022434123,RI
44111,110004911533,RI
333319,110009440024,RI
92811,110011780288,RI
326113,110000312607,RI
11299,110009310030,RI
333414,110012483259,RI
339914,110001662932,RI
339911,110002087571,RI
811111,110007825960,RI
811121,110004913924,RI
81232,110009440541,RI
811112,110004914246,RI
811111,110004914442,RI
811111,110004914601,RI
92119,110007826184,RI
332813,110002087633,RI
811118,110004915290,RI
621112,110004916164,RI
811111,110004916226,RI
33991,110009440863,RI
92119,110009310174,RI
454311,110004916805,RI
811111,110009440934,RI
44111,110004916841,RI
54194,110004916903,RI
333294,110004917216,RI
811111,110004917500,RI
44111,110004917788,RI
811111,110009441121,RI
92119,110007825121,RI
811111,110009441256,RI
811111,110004919786,RI
81232,110021276297,RI
339112,110007827138,RI
81232,110004921247,RI
811111,110004921292,RI
611519,110021492801,RI
332721,110004921933,RI
62121,110004922040,RI
61111,110021726523,RI
811198,110006119459,RI
62121,110004923030,RI
336612,110004923478,RI
811118,110004923593,RI
4471,110004923824,RI
4471,110004924020,RI
333911,110009442004,RI
332996,110000312652,RI
339911,110004902696,RI
314999,110000312279,RI
313221,110001663245,RI
339914,110020578999,RI
62121,110004925252,RI
71393,110004925403,RI
334419,110004903454,RI
339914,110004903837,RI
339914,110002087562,RI
811111,110009442255,RI
81231,110012481411,RI
323116,110004926536,RI
811111,110004926787,RI
339911,110004904649,RI
212312,110009438983,RI
81232,110004905176,RI
44121,110004905461,RI
326212,110004905522,RI
811111,110004905531,RI
4471,110004927465,RI
62121,110014362545,RI
81232,110012482991,RI
81231,110004905746,RI
81232,110009439081,RI
811111,110004906031,RI
332813,110002087456,RI
811118,110004907254,RI
48849,110004908048,RI
81232,110007824836,RI
811111,110004908324,RI
32551,110002087553,RI
333999,110009439535,RI
61131,110001664084,RI
92119,110004908805,RI
811111,110004908869,RI
621511,110004909047,RI
62211,110004909252,RI
61131,110004909378,RI
332813,110004909608,RI
336399,110004909804,RI
811111,110004909895,RI
339911,110004909957,RI
111998,110004910179,RI
332721,110004910311,RI
333514,110000496044,RI
336611,110000581264,RI
332999,110008053499,RI
454311,110004925733,RI
621512,110017775610,RI
44611,110032960188,RI
62121,110032960204,RI
221112,110002054491,RI
335929,110000312484,RI
327910,110002087287,RI
54194,110016712645,RI
811121,110016712707,RI
62121,110016712789,RI
44411,110024267620,RI
44411,110016712814,RI
332813,110016712921,RI
61131,110001663227,RI
331492,110000312670,RI
332313,110000312698,RI
325998,110035831222,RI
331421,110004936366,RI
332999,110000312652,RI
331419,110000312661,RI
334513,110004912587,RI
325998,110000496062,RI
424710,110032893938,RI
332112,110000312260,RI
331491,110000496062,RI
92811,110000819856,RI
327320,110017385006,RI
326199,110000313223,RI
81232,110004897666,RI
44111,110043192425,RI
62121,110018900812,RI
54194,110018900938,RI
488119,110017278113,RI
339113,110032604938,RI
325412,110000312135,RI
562212,110009310101,RI
71393,110020578588,RI
62121,110020478598,RI
32511,110004910142,RI
44611,110020886969,RI
44411,110022305370,RI
621512,110022530830,RI
44112,110004918082,RI
42312,110004919580,RI
334413,110022824425,RI
316993,110004902981,RI
332722,110001663067,RI
339914,110000313009,RI
313113,110000312091,RI
326299,110004903524,RI
811198,110004924529,RI
333111,110004924789,RI
811121,110004924814,RI
54194,110004924823,RI
811111,110004924878,RI
62121,110004924887,RI
81232,110004924958,RI
621511,110004925092,RI
621112,110009442086,RI
339911,110001663735,RI
4471,110007827913,RI
323119,110004922790,RI
811111,110004905700,RI
332911,110009439107,RI
44111,110004906120,RI
325992,110004906219,RI
332813,110004906692,RI
621112,110004925751,RI
71393,110004925779,RI
339914,110000890153,RI
333911,110004904293,RI
339911,110009438894,RI
339911,110004901660,RI
324121,110009439009,RI
8112,110004905023,RI
332813,110004902794,RI
51711,110021015346,RI
323119,110015686346,RI
334412,110004926260,RI
54138,110009442424,RI
49311,110000547560,RI
56221,110000574977,RI
81149,110004917591,RI
45421,110004917868,RI
811111,110004917920,RI
811111,110004918171,RI
325992,110004918395,RI
336612,110004921032,RI
53231,110004921041,RI
4471,110004919027,RI
71395,110004919385,RI
62121,110004919713,RI
332813,110001664422,RI
488991,110004920186,RI
811111,110004905470,RI
336611,110024428127,RI
81232,110004912550,RI
81232,110004912596,RI
332721,110004907030,RI
333112,110004907398,RI
71393,110009440792,RI
332813,110002087170,RI
339913,110004907995,RI
44719,110031439888,RI
621391,110031400598,RI
71212,110031437283,RI
335999,110009440444,RI
332999,110007825997,RI
811111,110004914255,RI
42331,110031368972,RI
81149,110031303079,RI
811111,110031410033,RI
621111,110032659932,RI
313249,110004914790,RI
32311,110032660001,RI
333415,110004909653,RI
334513,110007825201,RI
44419,110032660038,RI
54133,110004910687,RI
45111,110004910749,RI
324191,110004911230,RI
4471,110004911392,RI
339914,110001663478,RI
332116,110004911748,RI
81131,110004911784,RI
339999,110000312260,RI
53249,110024832779,RI
336322,110004903588,RI
4471,110004915405,RI
4471,110004915414,RI
333514,110009440765,RI
62211,110009440872,RI
811111,110004916431,RI
811113,110004918858,RI
811111,110004917001,RI
332116,110004921951,RI
56172,110009441755,RI
326112,110000312233,RI
621112,110004923076,RI
811198,110004921318,RI
4471,110004921461,RI
621111,110004921504,RI
44719,110012295685,RI
811111,110004924100,RI
621112,110004924128,RI
339911,110004924280,RI
4471,110009441979,RI
326199,110007827432,RI
332813,110004910188,RI
331513,110004924501,RI
611110,110021277768,RI
32612,110040889857,RI
44611,110033625913,RI
53212,110033622756,RI
336611,110006869371,RI
339914,110002087447,RI
811111,110004905372,RI
51111,110004920578,RI
62121,110004922488,RI
441222,110004927884,RI
811111,110016712690,RI
327320,110004919116,RI
812320,110012481812,RI
622110,110004908887,RI
33451,110004912587,RI
812320,110004898816,RI
332811,110004898503,RI
311920,110021278696,RI
491110,110022521699,RI
32612,110001663628,RI
32191,110004914219,RI
332813,110004917813,RI
812320,110006434304,RI
334412,110009444823,RI
322222,110021350866,RI
812320,110004931995,RI
812320,110021350884,RI
611310,110009439615,RI
925110,110021350777,RI
812320,110004912845,RI
611310,110007176867,RI
4529,110024221796,RI
48111,110037945016,RI
32612,110004899067,RI
322212,110001664333,RI
339914,110000312518,RI
81149,110029952102,RI
332813,110004920550,RI
334512,110004903392,RI
331528,110004903702,RI
32612,110004928696,RI
3399,110004931058,RI
928110,110000819856,RI
5614,110021277633,RI
622110,110009439660,RI
812320,110004936375,RI
335999,110004903622,RI
32311,110001663496,RI
81149,110000312581,RI
81121,110000819936,RI
42495,110037442050,RI
333512,110037442176,RI
332813,110001662987,RI
811411,110004905997,RI
454311,110004916814,RI
62121,110004931414,RI
325314,110017693959,RI
331491,110039162795,RI
44711,110004905149,RI
62131,110004926750,RI
331222,110000762951,RI
336611,110009439161,RI
53112,110004906601,RI
336399,110009438929,RI
332722,110004904603,RI
42394,110000905003,RI
811219,110031433704,RI
81131,110031433704,RI
441222,110030493204,RI
339913,110037442005,RI
62121,110004900055,RI
339911,110004900527,RI
45291,110004929873,RI
62121,110009444100,RI
49311,110012483268,RI
811118,110037142954,RI
335929,110010955154,RI
485113,110001664627,RI
811118,110007824676,RI
45291,110004936598,RI
45291,110004936614,RI
62121,110012218563,RI
236115,110038910140,RI
236118,110038910140,RI
44612,110038910239,RI
81111,110038910300,RI
33991,110004903114,RI
335311,110004903230,RI
332999,110001664048,RI
339914,110002087508,RI
44313,110000312858,RI
62121,110018900821,RI
325613,110042010203,RI
31321,110000735697,RI
33636,110000735697,RI
621511,110020892319,RI
44422,110022305370,RI
339914,110009438894,RI
44411,110009441096,RI
62121,110004923806,RI
81232,110004914139,RI
325412,110012520600,RI
424710,110000312778,RI
321920,110002087198,RI
81111,110041679467,RI
332812,110044831527,RI
332813,110001662950,RI
32619,110043985621,RI
314999,110001662905,RI
48621,110007222852,RI
81121,110004912998,RI
62121,110040101644,RI
333994,110001663520,RI
812320,110038802828,RI
713930,110037278068,RI
324121,110009442745,RI
3399,110000763004,RI
313311,110038789950,RI
3329,110000581273,RI
325211,110000312581,RI
332115,110000312947,RI
334310,110000313027,RI
928110,110000904987,RI
32191,110011795469,RI
488490,110009813292,RI
335311,110031524321,RI
3399,110001662763,RI
325199,110012266234,RI
71391,110043184354,RI
212319,110004921620,RI
212319,110007177090,RI
3261,110001664057,RI
488490,110000895096,RI
326113,110000313134,RI
486210,110001663584,RI
31331,110002336892,RI
3399,110002087189,RI
4471,110004916379,RI
3399,110000312929,RI
325211,110000312135,RI
327215,110000313170,RI
3251,110037113067,RI
313311,110009444510,RI
713930,110004916093,RI
454311,110020149677,RI
327212,110000312082,RI
4471,110006802718,RI
237310,110001662530,RI
3222,110009439508,RI
325612,110002087740,RI
4471,110020038305,RI
325320,110000701982,RI
32191,110001662549,RI
212321,110007176983,RI
331525,110004936366,RI
3399,110002087367,RI
3399,110000762988,RI
3399,110001663183,RI
335122,110043555630,RI
325314,110021276377,RI
454311,110012803056,RI
3399,110002087759,RI
4471,110017754250,RI
3399,110007176885,RI
928110,110004911695,RI
331524,110001664618,RI
311411,110002087278,RI
3399,110002087465,RI
221320,110032958262,RI
31331,110000735697,RI
313320,110000735697,RI
337211,110001662549,RI
332813,110000581255,RI
81112,110004910222,RI
22132,110040374546,RI
48811,110041392132,RI
45431,110041426551,RI
622210,110041214227,RI
334518,110021349637,RI
325991,110000312457,RI
2211,110041184991,RI
812320,110041234991,RI
332813,110041235213,RI
332811,110041235222,RI
322221,110041165547,RI
812320,110041234571,RI
221320,110007824612,RI
334518,110004898843,RI
311920,110040860752,RI
332612,110004932663,RI
336612,110040845342,RI
332618,110000762951,RI
925110,110040850914,RI
325211,110004916075,RI
334518,110004908707,RI
339911,110040991530,RI
3339,110021357280,RI
811212,110004927982,RI
32311,110004898647,RI
221122,110041695877,RI
812922,110004933225,RI
221122,110043304876,RI
32311,110031420095,RI
44719,110004924306,RI
33711,110043555603,RI
49311,110000618626,RI
81149,110031412709,RI
44611,110041679412,RI
44419,110041679421,RI
334511,110041679564,RI
443112,110042191918,RI
333513,110000496044,RI
483111,110041923194,RI
713930,110041923327,RI
483111,110041923274,RI
483111,110041923309,RI
713930,110041923087,RI
332813,110004909136,RI
485410,110037229656,RI
485410,110042374365,RI
326199,110002087312,RI
335931,110002087385,RI
339911,110002087474,RI
331491,110002087492,RI
326199,110004904364,RI
325998,110038168096,RI
339913,110002087517,RI
334413,110043192443,RI
32311,110004932039,RI
32311,110004899780,RI
32311,110004907977,RI
33451,110002058825,RI
332813,110043854834,RI
811192,110044991881,RI
48541,110006434224,RI
22131,110009700975,RI
422710,110032895669,RI
422710,110000313152,RI
331419,110042374301,RI
61131,110007825407,RI
61131,110012194142,RI
62121,110004910785,RI
811111,110004910918,RI
81232,110004911329,RI
92811,110004911622,RI
92411,110012483605,RI
811111,110004912630,RI
81232,110004912738,RI
81232,110004912845,RI
326199,110004913210,RI
92411,110004913791,RI
92512,110004913862,RI
811121,110004913979,RI
71391,110007826040,RI
811111,110004914781,RI
4471,110009440694,RI
336211,110009440747,RI
71399,110007826521,RI
81232,110012481634,RI
811111,110004917779,RI
92119,110007826629,RI
331522,110002087811,RI
62121,110004918475,RI
71393,110009442503,RI
81292,110004918741,RI
92119,110007826790,RI
48811,110004919893,RI
811111,110004919955,RI
811111,110004920015,RI
44112,110004920710,RI
485999,110007827110,RI
811111,110004921345,RI
811111,110007827165,RI
54138,110004921746,RI
621112,110009441666,RI
62121,110007827245,RI
621511,110004922718,RI
811111,110004922950,RI
811111,110004923744,RI
4471,110004902320,RI
4471,110004924324,RI
71393,110004924459,RI
71393,110004924681,RI
44111,110004924734,RI
339999,110004902669,RI
339911,110004902936,RI
326199,110004903052,RI
811198,110004924976,RI
4471,110004925127,RI
811111,110004925172,RI
333514,110004903551,RI
314129,110001663771,RI
62131,110004926411,RI
333514,110004904462,RI
332813,110002087134,RI
334419,110004904836,RI
811111,110004905103,RI
811111,110007824587,RI
81232,110004905229,RI
62121,110006434563,RI
44112,110004927241,RI
62121,110004927624,RI
212299,110014362288,RI
44111,110004905960,RI
811111,110004906200,RI
811111,110004906344,RI
811111,110009439189,RI
332813,110012482054,RI
811111,110004907263,RI
336211,110004907352,RI
326212,110004907593,RI
32551,110004907691,RI
53231,110004908299,RI
71391,110004908477,RI
336612,110004908501,RI
62211,110001662647,RI
33991,110004908556,RI
44111,110004908663,RI
332813,110000819954,RI
811111,110004909216,RI
621112,110004909225,RI
3121,110000499327,RI
811111,110004910393,RI
339914,110012482045,RI
332618,110000581255,RI
322222,110000499292,RI
332812,110000312224,RI
61121,110017613750,RI
325998,110001664574,RI
332813,110000819990,RI
332116,110000312377,RI
325998,110000312616,RI
332812,110000312475,RI
56173,110016712654,RI
621512,110016712663,RI
81232,110016712716,RI
44611,110014440925,RI
336612,110014441050,RI
44611,110014441078,RI
81112,110014441176,RI
81112,110014441229,RI
332439,110000618617,RI
332813,110012798641,RI
562119,110000312849,RI
339914,110002087214,RI
221119,110000820078,RI
334415,110000841929,RI
335999,110000312322,RI
331492,110000313287,RI
332911,110012482713,RI
334519,110000895087,RI
325199,110001664574,RI
81112,110007828459,RI
31331,110000312117,RI
322222,110000313250,RI
562212,110034164963,RI
562212,110009309916,RI
325613,110035831222,RI
326113,110004908280,RI
54133,110020892337,RI
811111,110004910767,RI
621111,110022305361,RI
54194,110022826085,RI
333298,110004903178,RI
92811,110004896088,RI
621111,110004924903,RI
325992,110004925323,RI
311712,110004925412,RI
62121,110009442148,RI
4471,110007827771,RI
52211,110001663860,RI
33142,110004929329,RI
44111,110004905791,RI
811113,110004906317,RI
4471,110007827566,RI
81232,110004906665,RI
61121,110004909047,RI
333292,110004925715,RI
621111,110018900974,RI
81131,110000819936,RI
339114,110004900055,RI
336611,110004901562,RI
332813,110004904621,RI
325192,110040900237,RI
339911,110004902687,RI
339914,110000763004,RI
333132,110031292456,RI
22112,110015322881,RI
339113,110015322925,RI
44421,110015824740,RI
71391,110016712752,RI
3219,110001134291,RI
62121,110004925840,RI
621112,110004926199,RI
62121,110004926215,RI
514199,110004926322,RI
485999,110004926466,RI
332813,110009441069,RI
811111,110004917671,RI
811111,110004914353,RI
323119,110007826718,RI
811111,110004920756,RI
811111,110004920943,RI
332721,110000888692,RI
811111,110004921069,RI
485999,110004918938,RI
621112,110004919642,RI
333518,110004919802,RI
45111,110004920079,RI
511199,110004920293,RI
711212,110007826914,RI
62121,110004910776,RI
811111,110004914157,RI
621111,110004929221,RI
92615,110007825791,RI
81232,110004912649,RI
333319,110007825862,RI
335929,110002087438,RI
4471,110004913586,RI
44711,110024557521,RI
332721,110004907502,RI
335311,110007824729,RI
339914,110001662745,RI
61131,110000819972,RI
811111,110004899691,RI
62121,110031433660,RI
71392,110031433679,RI
48849,110004933537,RI
621111,110031416493,RI
4471,110001663986,RI
811121,110007826022,RI
562211,110031360088,RI
4841,110007826111,RI
212322,110007826157,RI
4841,110004915192,RI
62311,110009439660,RI
811111,110004909948,RI
4471,110004910794,RI
2211,110007825452,RI
4471,110004912006,RI
336612,110000312554,RI
62149,110024832635,RI
811111,110044991943,RI
4471,110004915370,RI
4471,110004915995,RI
53212,110004916896,RI
811111,110004916921,RI
811111,110004922068,RI
62121,110004922326,RI
4841,110004922852,RI
4471,110004923227,RI
4471,110013401050,RI
4471,110004923414,RI
621112,110004923496,RI
811111,110004923600,RI
811111,110004923691,RI
44719,110007827389,RI
332813,110004924510,RI
551111,110021277722,RI
491110,110009443959,RI
611110,110001991701,RI
53112,110002058932,RI
8122,110021277786,RI
81149,110012480868,RI
44719,110007823846,RI
62121,110033622710,RI
4471,110007823882,RI
811198,110004905611,RI
811121,110004907673,RI
33511,110004913041,RI
4841,110004922638,RI
621112,110004924486,RI
56173,110035439530,RI
221112,110001662656,RI
339911,110012483400,RI
53112,110004931236,RI
3399,110004930978,RI
53112,110021278767,RI
53112,110021278776,RI
2211,110002054491,RI
812320,110021349735,RI
325211,110004936393,RI
332721,110001102048,RI
3251,110000312135,RI
32311,110040861305,RI
812320,110007824836,RI
3399,110000313296,RI
812320,110004925635,RI
622210,110001663165,RI
324121,110001662530,RI
325991,110002087429,RI
339911,110004903837,RI
812320,110007823454,RI
812320,110004908039,RI
325412,110004899762,RI
331511,110001662674,RI
334413,110000312171,RI
332722,110021276242,RI
812320,110014440961,RI
53112,110009438741,RI
925110,110021277660,RI
925110,110001664173,RI
3399,110000312938,RI
812320,110021346541,RI
812320,110004905746,RI
812320,110001663815,RI
32612,110001664271,RI
32612,110021357333,RI
334416,110012483268,RI
221320,110000735713,RI
454312,110000313152,RI
334119,110041736663,RI
32612,110000491897,RI
322214,110001662807,RI
621391,110037441989,RI
44413,110037442069,RI
33271,110037441854,RI
48839,110037441925,RI
332721,110004919946,RI
62121,110024439785,RI
811111,110004914424,RI
44719,110004924066,RI
811111,110004917047,RI
811111,110004906460,RI
811111,110004922941,RI
4471,110004920426,RI
4471,110004904426,RI
339913,110009439599,RI
33149,110015322159,RI
325998,110004905808,RI
812922,110033625913,RI
441222,110007176536,RI
811111,110004905078,RI
322221,110000312108,RI
81111,110004929196,RI
332212,110004902703,RI
54143,110004924137,RI
48412,110004932440,RI
621498,110004933519,RI
54169,110004936534,RI
811112,110015322890,RI
44419,110038910186,RI
81131,110038910195,RI
44612,110038910220,RI
62121,110038910426,RI
44611,110038910435,RI
339914,110004902918,RI
32551,110001664574,RI
325613,110001664574,RI
32613,110029952102,RI
339914,110004903016,RI
44419,110004925564,RI
44111,110004914120,RI
811411,110015824740,RI
71393,110020119673,RI
62211,110004908878,RI
621491,110022305361,RI
811191,110024439794,RI
331492,110004903472,RI
532412,110004916734,RI
339999,110000312340,RI
4471,110004925494,RI
62121,110004926331,RI
61161,110039562853,RI
45299,110039562880,RI
333291,110039562942,RI
332813,110000819909,RI
339991,110000498202,RI
312111,110000499327,RI
325612,110000312705,RI
811121,110004898969,RI
339113,110044299167,RI
326113,110009812907,RI
81112,110018900992,RI
48541,110004935795,RI
332912,110000498202,RI
11121,110041679546,RI
322222,110000312340,RI
221320,110000574977,RI
4471,110006693907,RI
48541,110044299041,RI
325510,110001663218,RI
333414,110007176938,RI
454311,110012803065,RI
3399,110000313009,RI
3399,110000819865,RI
326113,110000312750,RI
713930,110031404736,RI
4471,110010683885,RI
4471,110010683652,RI
713930,110004908388,RI
331221,110002087205,RI
339941,110004913363,RI
622110,110010364827,RI
334413,110001663058,RI
324121,110028183310,RI
332722,110001663575,RI
4471,110002058834,RI
924110,110020149640,RI
326130,110001663147,RI
339911,110000491904,RI
4471,110002058674,RI
713930,110004931370,RI
2211,110038789941,RI
482111,110028184550,RI
311520,110004914004,RI
324191,110002087544,RI
334413,110004936570,RI
331522,110000313018,RI
3399,110002087713,RI
485510,110004930941,RI
331528,110001664618,RI
221320,110002051939,RI
3399,110001663539,RI
2211,110000820005,RI
4471,110012803083,RI
4471,110009440685,RI
22121,110004904943,RI
81232,110004913915,RI
336612,110004917065,RI
92314,110006869399,RI
48811,110041561333,RI
48811,110041392141,RI
325998,110001663101,RI
325412,110040900237,RI
48811,110041406804,RI
48811,110041380323,RI
562212,110041417348,RI
812320,110041216323,RI
3399,110000762979,RI
42393,110002370470,RI
812320,110041228524,RI
51111,110041233796,RI
334518,110021175823,RI
334518,110004907655,RI
334518,110040851931,RI
334518,110001664556,RI
33993,110040854634,RI
326113,110041062293,RI
32612,110040986902,RI
332813,110001134282,RI
322222,110040969182,RI
221122,110038910480,RI
221122,110041695760,RI
32311,110004926242,RI
54199,110004899744,RI
81111,110004899806,RI
335931,110000618573,RI
326199,110007823757,RI
339914,110009438616,RI
44419,110004911105,RI
339115,110042293915,RI
22121,110004916501,RI
92811,110032754286,RI
339999,110004906558,RI
812922,110041679412,RI
323113,110041679430,RI
44131,110042191909,RI
81111,110043587106,RI
327420,110041923041,RI
713930,110041923121,RI
336612,110004933172,RI
313249,110001991649,RI
331111,110002087704,RI
335999,110004930727,RI
713930,110042374392,RI
331491,110012709024,RI
313210,110002455762,RI
339931,110001663012,RI
326199,110022506769,RI
325132,110043192407,RI
811121,110041679519,RI
323110,110000819945,RI
811111,110004928598,RI
336612,110002336883,RI
42495,110017775282,RI
811113,110043587080,RI
23813,110042293862,RI
323115,110043766403,RI
325413,110043854825,RI
339115,110043693679,RI
22132,110000574977,RI
22131,110007828048,RI
811121,110004911052,RI
44112,110004911310,RI
92811,110009344851,RI
811111,110004912658,RI
811121,110004913005,RI
811121,110004913149,RI
811121,110004913256,RI
811111,110004913639,RI
811111,110004914273,RI
811198,110004914335,RI
811111,110004914530,RI
51111,110041104480,RI
81149,110004914727,RI
71393,110004915165,RI
811111,110004915209,RI
811112,110004915218,RI
4471,110004915619,RI
811198,110004915860,RI
326299,110031276722,RI
62211,110004915986,RI
81232,110007826399,RI
811111,110004916217,RI
811113,110004916690,RI
62121,110004916930,RI
811198,110004916976,RI
4471,110004917421,RI
92119,110034164268,RI
92119,110004918439,RI
62121,110004918812,RI
44111,110004918956,RI
514199,110004919330,RI
4471,110004920827,RI
485999,110007826978,RI
485999,110007826987,RI
49311,110004920916,RI
49311,110004920934,RI
314999,110004921023,RI
53231,110004921390,RI
811111,110004921452,RI
92119,110004921531,RI
333112,110004921611,RI
621112,110004921764,RI
62121,110012520584,RI
62121,110004922362,RI
811111,110036485559,RI
334511,110004922898,RI
62121,110004923147,RI
811121,110001991774,RI
49111,110022521699,RI
11251,110004901599,RI
811111,110004923995,RI
811118,110004924244,RI
4471,110004923539,RI
4471,110009441988,RI
811111,110004924333,RI
524126,110004924397,RI
621112,110009442040,RI
339914,110001663183,RI
313221,110001663138,RI
332813,110004902990,RI
332116,110004903276,RI
811111,110004925788,RI
811111,110004925804,RI
62121,110004925831,RI
48832,110007827575,RI
339911,110002087508,RI
339911,110004903677,RI
332722,110000312974,RI
332116,110004903926,RI
332813,110004903944,RI
339911,110000491913,RI
339999,110001664431,RI
811111,110004926108,RI
62121,110004926297,RI
62121,110007827637,RI
811111,110004926509,RI
92119,110034166328,RI
62121,110004926698,RI
62121,110004926705,RI
335929,110000313018,RI
2212,110004904863,RI
48833,110004904881,RI
324121,110012482759,RI
811111,110004905158,RI
811111,110004905309,RI
336612,110009442503,RI
334517,110009442512,RI
621112,110004927740,RI
811111,110004927795,RI
62121,110004927811,RI
811111,110004905657,RI
44131,110004905951,RI
81232,110004906193,RI
811111,110004906415,RI
81231,110014362563,RI
81112,110014362581,RI
811111,110014362607,RI
811111,110004906914,RI
336399,110004907174,RI
339913,110004907655,RI
331528,110004907799,RI
811121,110004907913,RI
81232,110004908039,RI
811111,110004908191,RI
313221,110004908413,RI
3323,110004908510,RI
333319,110004908609,RI
62211,110004908887,RI
62211,110004908949,RI
71399,110004909163,RI
336612,110001664342,RI
4471,110004909298,RI
339914,110010954789,RI
339112,110004909591,RI
324191,110004910017,RI
811111,110004910160,RI
5241,110004910598,RI
325411,110040900237,RI
221112,110028052185,RI
333512,110001102048,RI
62121,110017775228,RI
621111,110017775264,RI
313320,110000762942,RI
488119,110009443361,RI
81232,110014440961,RI
313241,110015750187,RI
313241,110015790312,RI
31332,110000312251,RI
424710,110000312894,RI
321999,110041999905,RI
325998,110000313045,RI
331421,110000313054,RI
323112,110042010249,RI
331492,110009443922,RI
61131,110004935955,RI
81232,110015686337,RI
811121,110015686382,RI
621111,110015824651,RI
332813,110000819918,RI
335999,110000313116,RI
325998,110000313143,RI
424710,110000313152,RI
332813,110044831590,RI
53212,110004914772,RI
621391,110017278131,RI
2211,110000312180,RI
339911,110000312956,RI
562212,110004925797,RI
42393,110004898745,RI
811111,110020479098,RI
62121,110020480362,RI
325998,110004906530,RI
332919,110004906745,RI
337212,110020899278,RI
62131,110020892319,RI
54194,110020886059,RI
811121,110020891221,RI
81131,110020745675,RI
551112,110029952102,RI
62121,110022305432,RI
332211,110004903267,RI
62121,110004898200,RI
339914,110004903640,RI
339911,110004903775,RI
339914,110004903784,RI
621391,110004927269,RI
621112,110004924743,RI
62121,110004925065,RI
561499,110004925118,RI
811111,110004925234,RI
339911,110009442139,RI
4471,110004927429,RI
4471,110004927474,RI
4471,110004927508,RI
339113,110004927642,RI
62121,110004927679,RI
62121,110009443049,RI
811121,110022925012,RI
81232,110004905354,RI
332721,110004905684,RI
339914,110002087189,RI
334112,110004906683,RI
23832,110016712912,RI
48111,110009442193,RI
92111,110020891016,RI
562219,110020891258,RI
325131,110000312457,RI
332722,110004904239,RI
81111,110004898353,RI
336399,110002087722,RI
325411,110004904667,RI
44131,110004905078,RI
339914,110004902730,RI
81111,110014440952,RI
811111,110015322890,RI
332721,110009442399,RI
62121,110004926545,RI
339999,110004926778,RI
339932,110004917172,RI
44719,110009440970,RI
332996,110009441005,RI
339911,110009441014,RI
44111,110004918126,RI
336999,110004900304,RI
339115,110004920783,RI
811121,110004905871,RI
811111,110004921078,RI
811121,110004921229,RI
621112,110009441274,RI
811198,110004919492,RI
811111,110004919768,RI
811111,110004920621,RI
4471,110004910623,RI
336611,110006869415,RI
61161,110024438517,RI
62121,110024439801,RI
334417,110004912872,RI
811111,110009440364,RI
454311,110004913354,RI
32552,110004907076,RI
332812,110000313170,RI
541922,110009438484,RI
339914,110000491904,RI
33992,110004908798,RI
332813,110007824952,RI
4471,110004909289,RI
92811,110000312992,RI
332813,110002087660,RI
332111,110002450516,RI
621111,110031440028,RI
811118,110031401187,RI
53231,110031396166,RI
32791,110002087287,RI
42471,110031404790,RI
81112,110031437256,RI
44412,110031416876,RI
81149,110031437274,RI
811121,110032659898,RI
81149,110009440587,RI
335931,110007826102,RI
335312,110004915012,RI
56173,110004915174,RI
811118,110004915325,RI
44111,110032659996,RI
332813,110004909939,RI
811118,110000618671,RI
54171,110032660047,RI
81149,110004911347,RI
334513,110004911828,RI
332813,110000312965,RI
33251,110000312929,RI
4471,110004915361,RI
4471,110006693578,RI
4471,110004915637,RI
332813,110004915682,RI
33995,110004916066,RI
22133,110007826442,RI
441222,110004916958,RI
92119,110037233794,RI
332813,110004922148,RI
333518,110004922237,RI
33991,110004922308,RI
23832,110004922585,RI
811111,110009441835,RI
62121,110004922905,RI
333319,110004922996,RI
811111,110004923085,RI
621399,110009441880,RI
332813,110009441611,RI
4471,110010573682,RI
44719,110004923245,RI
445292,110007827307,RI
4471,110004923334,RI
4471,110004923405,RI
332813,110004923575,RI
339114,110004923806,RI
4471,110004924048,RI
3323,110004924093,RI
811111,110009441933,RI
32551,110004924191,RI
44131,110033622738,RI
321911,110004908440,RI
45299,110004927161,RI
621391,110021015373,RI
236118,110035439576,RI
32612,110009440756,RI
332813,110009444020,RI
322211,110021277820,RI
311920,110021092262,RI
325510,110002087232,RI
812320,110012481411,RI
812320,110001663290,RI
3399,110002087820,RI
337110,110021092459,RI
339920,110004896934,RI
3399,110004914111,RI
812320,110004905764,RI
332721,110009444084,RI
812320,110009439081,RI
3399,110004906825,RI
326113,110000312233,RI
335991,110012481956,RI
313312,110015790312,RI
485210,110001664627,RI
331419,110004905808,RI
812320,110012482991,RI
812320,110009440211,RI
339112,110000895087,RI
313221,110001663254,RI
336612,110021276313,RI
812320,110004906022,RI
336612,110001663094,RI
622110,110000895121,RI
313312,110015750187,RI
3256,110043555630,RI
611310,110007222834,RI
32732,110004929178,RI
48811,110038099483,RI
62121,110037442078,RI
452112,110037442096,RI
44111,110037441943,RI
71393,110037442121,RI
71393,110004912809,RI
621391,110004932583,RI
4471,110004910838,RI
81411,110009450487,RI
62121,110004930362,RI
44112,110004918509,RI
811111,110004926616,RI
62121,110004928240,RI
62121,110009442923,RI
62121,110020480380,RI
62131,110020480399,RI
324121,110030746842,RI
332813,110004911971,RI
315111,110015790312,RI
32511,110007825201,RI
441221,110038910131,RI
42351,110031343240,RI
812922,110032960213,RI
339914,110004900527,RI
334419,110000841929,RI
331525,110000581273,RI
332813,110009443922,RI
339911,110007826763,RI
453998,110037442069,RI
333513,110037442176,RI
812922,110037442194,RI
44131,110004905915,RI
81149,110004905951,RI
221122,110038910505,RI
45291,110012218867,RI
323113,110038910211,RI
44611,110038910284,RI
81111,110038910293,RI
811111,110038910346,RI
811111,110038910364,RI
812922,110038910435,RI
561439,110004920293,RI
4471,110007825960,RI
453998,110016712850,RI
339914,110016712921,RI
62121,110004921942,RI
339999,110004908468,RI
323119,110020891105,RI
44422,110022305389,RI
332812,110000312803,RI
45322,110004903846,RI
332116,110009438858,RI
339116,110009442344,RI
48422,110001991541,RI
323111,110000312340,RI
62121,110004921915,RI
48411,110039562862,RI
811111,110039562933,RI
339999,110001662923,RI
331491,110000313018,RI
334513,110002087125,RI
441222,110043418450,RI
441222,110043418441,RI
339911,110001662745,RI
334417,110002087624,RI
332813,110001663192,RI
62131,110040101626,RI
332813,110000313296,RI
339911,110012481126,RI
32311,110001663076,RI
11251,110006693550,RI
325411,110038802864,RI
326291,110000762942,RI
811121,110044831484,RI
336322,110044831527,RI
31331,110009444672,RI
313311,110001991649,RI
3399,110002087786,RI
3399,110001663735,RI
313221,110015750187,RI
713930,110004925403,RI
324121,110001663174,RI
4471,110001664002,RI
331491,110009444182,RI
811121,110044299158,RI
332813,110000618617,RI
33341,110001664324,RI
713930,110012218554,RI
327320,110001662530,RI
313221,110021276279,RI
326220,110000312368,RI
3399,110038789889,RI
713930,110009813112,RI
531110,110001663673,RI
485410,110004920649,RI
311712,110000735704,RI
325412,110016754369,RI
611110,110006693532,RI
454311,110012296327,RI
713930,110004925779,RI
622110,110038789718,RI
611310,110011571496,RI
482111,110032601968,RI
7121,110035858373,RI
921190,110001663664,RI
924110,110017694379,RI
3399,110012483400,RI
488490,110006693783,RI
326113,110028184239,RI
313320,110000313250,RI
713930,110032602066,RI
3399,110000312821,RI
622210,110038790957,RI
31331,110000312723,RI
3399,110004901394,RI
928110,110004911711,RI
622110,110010364845,RI
327113,110038789969,RI
488490,110006693792,RI
332813,110001663726,RI
56199,110032604938,RI
332721,110009440881,RI
311812,110040757632,RI
48811,110041392221,RI
325611,110040833836,RI
48811,110041380332,RI
562212,110041417400,RI
812320,110004913899,RI
332722,110041219384,RI
2389,110021082585,RI
53112,110001663708,RI
22132,110040849561,RI
48111,110040900282,RI
334518,110004903105,RI
332813,110040984423,RI
221330,110040969342,RI
812320,110004912550,RI
313311,110004932832,RI
811121,110004927312,RI
32311,110004916574,RI
51711,110041695813,RI
51711,110041695868,RI
332999,110000312956,RI
32311,110004903846,RI
621111,110004899860,RI
323122,110004901232,RI
333414,110004901802,RI
339914,110000820023,RI
326199,110004903515,RI
325612,110002087223,RI
22121,110004904970,RI
621512,110016712869,RI
323122,110024557558,RI
561439,110024557558,RI
339914,110041679500,RI
81111,110041679537,RI
4471,110041922364,RI
483111,110041923354,RI
332813,110002087599,RI
811121,110004935241,RI
333911,110002087125,RI
333513,110001663067,RI
339112,110001133924,RI
339911,110009439456,RI
339993,110000820041,RI
332812,110000312448,RI
339999,110002087759,RI
331491,110012708150,RI
713930,110042374409,RI
332116,110000312509,RI
332813,110002087072,RI
811111,110039562924,RI
325611,110002087740,RI
325611,110043307784,RI
332117,110043192434,RI
44412,110043645437,RI
32311,110004927820,RI
325411,110014441167,RI
48721,110012218750,RI
331111,110004928357,RI
488999,110007828217,RI
81232,110043645428,RI
48832,110009439161,RI
81111,110044923410,RI
42471,110001663174,RI
22111,110002054491,RI
49312,110000547560,RI
325132,110000312135,RI
45431,110000312894,RI
562211,110000618644,RI
44711,110004902446,RI
332721,110022506796,RI
324191,110004911007,RI
811192,110004911490,RI
333911,110000313278,RI
332813,110004911935,RI
326113,110006693676,RI
811111,110004913247,RI
81232,110012481705,RI
811111,110009440505,RI
332813,110004914291,RI
811111,110004914709,RI
339914,110004915423,RI
45211,110004916306,RI
811121,110004916592,RI
811121,110004916618,RI
333112,110004917074,RI
811111,110004917270,RI
56173,110009441078,RI
811198,110004917877,RI
81149,110004918091,RI
811111,110004918581,RI
811111,110009441194,RI
811111,110004918894,RI
811111,110006434527,RI
811111,110004919152,RI
33312,110004919214,RI
811111,110004919303,RI
81232,110004919839,RI
44112,110004920006,RI
811111,110004920140,RI
339913,110000312545,RI
44111,110004920694,RI
811111,110004920747,RI
485999,110004920907,RI
485999,110007827030,RI
811111,110004921363,RI
621112,110004922380,RI
611519,110042338510,RI
62131,110004923012,RI
4471,110007827325,RI
621112,110004923717,RI
811111,110004924930,RI
62121,110004925591,RI
333298,110009442175,RI
339932,110001662709,RI
32562,110004903392,RI
335931,110004903597,RI
339911,110009438778,RI
332813,110000312803,RI
3121,110004904168,RI
62121,110009442353,RI
62121,110004926741,RI
621391,110004926812,RI
621391,110004904541,RI
332116,110004904603,RI
339911,110004904765,RI
811111,110004905087,RI
811111,110004905540,RI
62121,110004927321,RI
62121,110004927526,RI
811121,110004927535,RI
62121,110009442807,RI
62121,110004927802,RI
22133,110004932066,RI
811121,110004905862,RI
335929,110000313054,RI
81232,110007824603,RI
811121,110004906335,RI
332116,110009439170,RI
811198,110004906638,RI
44111,110004907003,RI
811121,110004907129,RI
811111,110004907405,RI
811121,110004908164,RI
334415,110004908529,RI
313249,110015750187,RI
811121,110004908903,RI
811111,110004923325,RI
326121,110000312082,RI
532111,110007824998,RI
213112,110004909396,RI
812199,110004909742,RI
811111,110004910062,RI
3219,110001663842,RI
325611,110000312126,RI
332813,110012481064,RI
313311,110000312199,RI
325211,110000312233,RI
81232,110009440211,RI
327320,110009439394,RI
313221,110001663968,RI
332812,110000312297,RI
332813,110000312297,RI
62121,110004926313,RI
54171,110017775601,RI
332812,110017775291,RI
327332,110022522091,RI
424690,110000312493,RI
81232,110004905719,RI
325510,110012482982,RI
325998,110004936366,RI
49111,110009443959,RI
621111,110015666661,RI
562219,110000312849,RI
332813,110000312885,RI
332813,110000313090,RI
339914,110000312956,RI
334417,110002087642,RI
331421,110009438411,RI
62211,110000895121,RI
61131,110004935027,RI
621391,110015824722,RI
339913,110012481858,RI
325211,110000313134,RI
81131,110024258710,RI
339914,110000313296,RI
331491,110015322159,RI
32551,110044831493,RI
323113,110018906175,RI
621111,110017278122,RI
562212,110034166328,RI
621111,110020478589,RI
323114,110020480406,RI
44719,110020741205,RI
49311,110004901795,RI
44131,110004916002,RI
44611,110020892391,RI
54171,110020891196,RI
335929,110000496062,RI
44411,110022478362,RI
325199,110038168096,RI
339914,110009438652,RI
335932,110004903230,RI
313311,110000312117,RI
339941,110004903481,RI
81232,110004897096,RI
332813,110004903855,RI
62121,110007827726,RI
45439,110004927367,RI
44611,110004924841,RI
332813,110004925216,RI
332813,110000820069,RI
621112,110004925314,RI
4471,110004927456,RI
44711,110004914308,RI
62121,110004927768,RI
44131,110022925003,RI
336612,110022921551,RI
811111,110004905835,RI
81232,110009439125,RI
811111,110004906148,RI
33991,110004925430,RI
44411,110004925564,RI
54142,110012483268,RI
339914,110000820096,RI
4471,110007824676,RI
811121,110031292410,RI
33991,110032659004,RI
4471,110004925724,RI
332116,110004904079,RI
339914,110004904104,RI
332813,110004904140,RI
336211,110004904300,RI
811111,110009438910,RI
81232,110004898512,RI
325222,110009443904,RI
811121,110004904998,RI
48411,110004905014,RI
4841,110004901946,RI
333512,110007824131,RI
337127,110009438572,RI
339914,110009438581,RI
221122,110021015337,RI
81411,110009444306,RI
54133,110004935296,RI
811111,110004925984,RI
333319,110004897158,RI
335929,110001663414,RI
33312,110009442442,RI
54172,110004926723,RI
811111,110004917699,RI
62121,110009441087,RI
81231,110004917751,RI
4841,110007826585,RI
54138,110004918135,RI
56173,110004918563,RI
81112,110004920630,RI
485999,110004920925,RI
485999,110007826996,RI
811111,110004921274,RI
811111,110004919535,RI
561599,110004919624,RI
811111,110004896809,RI
811111,110004920122,RI
811111,110017754250,RI
335312,110009441416,RI
326299,110002087820,RI
811111,110004923815,RI
339914,110004925822,RI
44711,110004902231,RI
62121,110024439767,RI
333514,110007825602,RI
336612,110004912667,RI
332812,110000895130,RI
811118,110006434402,RI
33991,110004906790,RI
325211,110002087651,RI
44111,110004907432,RI
332999,110004903702,RI
339911,110007824925,RI
811111,110004908896,RI
514199,110004909001,RI
31321,110000772085,RI
336611,110007825041,RI
811111,110004907717,RI
81232,110004907726,RI
332919,110004907879,RI
3342,110002087303,RI
441222,110006119388,RI
44111,110004908244,RI
71393,110031429862,RI
621391,110031404692,RI
811118,110004913666,RI
4471,110004907968,RI
4471,110004914237,RI
32311,110031361577,RI
62111,110031361586,RI
323114,110031361595,RI
48841,110031375820,RI
336611,110031429666,RI
56173,110006434411,RI
811111,110009440578,RI
811198,110004914914,RI
48839,110032660010,RI
333132,110004909822,RI
339914,110004910044,RI
811111,110004910419,RI
333991,110004910954,RI
332999,110009813229,RI
81111,110004919394,RI
811111,110004925920,RI
452112,110012266289,RI
323119,110024832617,RI
339914,110024832671,RI
61131,110024832706,RI
81232,110004915968,RI
332813,110004916253,RI
48121,110004916360,RI
61131,110022506787,RI
62121,110004922013,RI
62131,110004922424,RI
332813,110009441773,RI
811198,110004922861,RI
621112,110004922978,RI
621112,110009441862,RI
4471,110007907676,RI
324199,110004921586,RI
6219,110004921755,RI
313249,110009441657,RI
4471,110004923307,RI
4471,110004923343,RI
811198,110004923833,RI
811111,110004924084,RI
4471,110004924173,RI
811111,110004924271,RI
3219,110004924360,RI
811111,110004924379,RI
531190,110041191144,RI
531190,110001663879,RI
812320,110012480859,RI
71211,110033622685,RI
484122,110004896685,RI
32551,110004908930,RI
62121,110004922601,RI
62121,110009442326,RI
339911,110000313009,RI
322222,110001662736,RI
333518,110004898889,RI
339999,110000312947,RI
3399,110021278703,RI
53112,110004912435,RI
926110,110004900894,RI
313221,110006693596,RI
336612,110021092413,RI
334111,110021348567,RI
3399,110012481484,RI
31122,110032893983,RI
3399,110004935349,RI
31521,110009438288,RI
32191,110009440202,RI
333518,110004933859,RI
812320,110021104473,RI
313311,110021350900,RI
812320,110025213418,RI
332813,110022516240,RI
332813,110001664547,RI
45431,110000581282,RI
622110,110009438509,RI
812320,110004919839,RI
812320,110004914193,RI
812320,110004912694,RI
313311,110016692408,RI
812320,110012481634,RI
325910,110000772030,RI
321920,110001991729,RI
53112,110040850852,RI
622110,110021176092,RI
33221,110001664048,RI
32612,110000762666,RI
611310,110004935027,RI
311812,110004918279,RI
336612,110038078736,RI
221122,110001663450,RI
325211,110042010203,RI
56292,110000312849,RI
62121,110037441845,RI
23832,110037441872,RI
532412,110037441907,RI
44111,110004925449,RI
322214,110000819936,RI
44719,110004919697,RI
32311,110020891105,RI
56291,110022478353,RI
336611,110024439758,RI
54172,110007825201,RI
22121,110038910122,RI
42312,110031303097,RI
42371,110031368972,RI
81111,110031410033,RI
44411,110032660038,RI
811198,110004899021,RI
339914,110004901660,RI
221122,110038910444,RI
48411,110004901795,RI
339999,110000312475,RI
44711,110004902133,RI
541922,110004924137,RI
811121,110004911490,RI
323117,110037442023,RI
541512,110037441916,RI
811111,110004905862,RI
811111,110004905915,RI
81121,110004906004,RI
332721,110002087250,RI
331492,110015322159,RI
236115,110038910159,RI
56211,110038910275,RI
331528,110038910337,RI
81112,110038910373,RI
81232,110004913023,RI
325998,110000312661,RI
322225,110018901036,RI
811111,110004908663,RI
45291,110004909181,RI
323122,110016692408,RI
621112,110004916798,RI
332721,110000498202,RI
4471,110004925500,RI
4471,110043270554,RI
326191,110002087081,RI
332116,110010955154,RI
326199,110002087731,RI
331492,110004934313,RI
611110,110009812621,RI
3399,110000491904,RI
221310,110007828048,RI
4931,110000312778,RI
336612,110044992167,RI
3329,110000312509,RI
3399,110000890153,RI
622110,110001663398,RI
339931,110001662692,RI
336612,110044991907,RI
331528,110002087492,RI
4471,110004902188,RI
45211,110016692355,RI
325510,110028174366,RI
44111,110004905247,RI
54171,110001663664,RI
332812,110044991934,RI
611310,110010600028,RI
334413,110001663192,RI
454311,110012296318,RI
488490,110006693809,RI
713930,110037085301,RI
4471,110010364649,RI
221310,110009700975,RI
331522,110028184587,RI
334415,110004912587,RI
4471,110009812710,RI
3222,110000313134,RI
2362,110024267620,RI
332813,110004904051,RI
32311,110001663227,RI
313311,110031525286,RI
713930,110004919198,RI
221320,110000760748,RI
326113,110000819945,RI
221310,110009812943,RI
334518,110038802882,RI
622110,110032604938,RI
713930,110009442503,RI
454311,110020546300,RI
332813,110009441354,RI
325211,110038789763,RI
3399,110030736416,RI
325520,110009439214,RI
334413,110000312322,RI
322222,110000313134,RI
221320,110004911926,RI
339911,110000313296,RI
221320,110009439722,RI
622110,110038106439,RI
316211,110022506769,RI
339911,110015322159,RI
485410,110015657190,RI
221310,110004922415,RI
3329,110000498202,RI
812320,110012481475,RI
333414,110000312698,RI
325612,110028174366,RI
326121,110000312215,RI
31211,110000499327,RI
332813,110000312322,RI
327212,110000312322,RI
313311,110015790312,RI
31331,110038790911,RI
339993,110002087090,RI
325320,110000312705,RI
221122,110004904943,RI
811121,110040451515,RI
44112,110040374528,RI
48811,110041392025,RI
48811,110041392089,RI
48811,110041392187,RI
812320,110014362563,RI
3339,110004928348,RI
3251,110041234786,RI
339911,110000312812,RI
313320,110004928115,RI
313311,110040861207,RI
334518,110004902936,RI
313311,110040986779,RI
333512,110040986797,RI
334111,110004897238,RI
326121,110004928696,RI
56291,110007828011,RI
51711,110041695831,RI
44611,110004933225,RI
33451,110037442112,RI
62231,110001662576,RI
44711,110004902268,RI
621111,110004924217,RI
53231,110004916850,RI
333298,110032754277,RI
44411,110004911105,RI
811111,110006693756,RI
325611,110002087223,RI
325211,110001663101,RI
81111,110024832724,RI
812922,110031440046,RI
54185,110024557558,RI
71393,110043555532,RI
339914,110012481484,RI
713930,110004906629,RI
313311,110000312741,RI
325211,110001663370,RI
325211,110000762666,RI
335911,110002087713,RI
332813,110000312929,RI
44611,110015666581,RI
325998,110044992210,RI
811111,110044992158,RI
81112,110044949544,RI
33299,110000312652,RI
22132,110000562472,RI
322214,110000547560,RI
92119,110000760748,RI
49311,110043555630,RI
811121,110004929196,RI
331492,110043587115,RI
339999,110000312956,RI
61131,110012266225,RI
325211,110000312082,RI
33637,110004911203,RI
4471,110004911427,RI
62131,110004911506,RI
811121,110004911542,RI
61111,110004911873,RI
339914,110004912122,RI
92119,110004912603,RI
811111,110004912970,RI
811111,110004912989,RI
811111,110004913531,RI
61131,110004913728,RI
333513,110004913764,RI
81232,110004913880,RI
611519,110021481733,RI
811111,110004914344,RI
321113,110004914433,RI
61111,110021494532,RI
811111,110004914754,RI
11299,110004914763,RI
811198,110004915879,RI
323111,110004915940,RI
81232,110004915959,RI
811111,110007826415,RI
81232,110004917207,RI
62121,110004917564,RI
92511,110004918000,RI
332813,110001664592,RI
333319,110004918590,RI
32732,110004919116,RI
811111,110004919508,RI
488991,110004919857,RI
62311,110004919937,RI
811111,110004920881,RI
485999,110007827003,RI
6219,110009441470,RI
61111,110004921087,RI
811118,110004921238,RI
811118,110004921871,RI
62121,110004922077,RI
81232,110004922102,RI
62121,110004922200,RI
62121,110004922317,RI
62121,110004922371,RI
44111,110004922433,RI
62431,110021494694,RI
92411,110004922816,RI
811121,110004922843,RI
561439,110004922969,RI
4471,110004923192,RI
621112,110004923502,RI
621399,110004923897,RI
811118,110004924164,RI
811111,110007827405,RI
4471,110004924315,RI
54194,110004924832,RI
332722,110004902883,RI
323119,110004903089,RI
332116,110004903310,RI
314991,110000819892,RI
332813,110004925029,RI
811113,110009442120,RI
339911,110012482205,RI
332813,110004903695,RI
333319,110004903748,RI
333512,110004903980,RI
81149,110004925966,RI
62121,110004926064,RI
332813,110009442335,RI
62121,110004926439,RI
62121,110004926590,RI
62121,110004926643,RI
621391,110009442497,RI
2212,110004904952,RI
811111,110006119342,RI
811111,110004905112,RI
4471,110004927580,RI
81231,110004926028,RI
44111,110004905915,RI
111998,110006119351,RI
324191,110004906059,RI
339112,110009439143,RI
336612,110028183356,RI
314991,110014362590,RI
339911,110000312821,RI
332721,110007824747,RI
324121,110004907762,RI
81232,110001663290,RI
62211,110001663600,RI
313311,110000735697,RI
81232,110006434304,RI
42394,110004930816,RI
313320,110000312199,RI
81112,110004907851,RI
42399,110016712850,RI
532412,110017775594,RI
335121,110000312395,RI
335122,110000312395,RI
336612,110009813229,RI
811121,110004919081,RI
811121,110016712681,RI
44411,110016712823,RI
54194,110016712887,RI
562211,110000312849,RI
334413,110000312983,RI
424710,110039019200,RI
44112,110015824615,RI
325991,110002058852,RI
325510,110001664574,RI
621391,110018900965,RI
31331,110000312091,RI
31331,110000312199,RI
335911,110007824523,RI
336612,110001991541,RI
44411,110022305389,RI
54194,110022530812,RI
62131,110022824498,RI
332813,110004926796,RI
811198,110004926830,RI
339911,110004903016,RI
339914,110000313027,RI
332813,110001991710,RI
339911,110004903338,RI
336611,110004896113,RI
44131,110009438162,RI
4471,110006434554,RI
621112,110004924583,RI
339999,110004903604,RI
33995,110004903686,RI
62121,110004927223,RI
332813,110004927330,RI
53212,110004924770,RI
323119,110004924967,RI
4471,110004927483,RI
4471,110007827780,RI
62121,110004927651,RI
45439,110004927697,RI
81149,110009442834,RI
332813,110001663469,RI
514199,110004905345,RI
811111,110009439072,RI
811111,110004905728,RI
32551,110000312215,RI
51711,110021003386,RI
51711,110021015328,RI
334419,110004906424,RI
339914,110004906594,RI
44421,110017775237,RI
811118,110004925617,RI
313113,110007824364,RI
31332,110004904364,RI
326299,110009438901,RI
811111,110012565517,RI
811118,110004899021,RI
81111,110004901535,RI
332813,110009438938,RI
339914,110009438974,RI
48811,110004904827,RI
48411,110004904934,RI
811121,110009439018,RI
81232,110004905185,RI
4471,110004902311,RI
339911,110004902598,RI
323119,110007824177,RI
61131,110004934965,RI
61131,110004934992,RI
23731,110016712743,RI
333414,110004902892,RI
325211,110004902918,RI
4471,110004926082,RI
62121,110004926224,RI
333512,110009442362,RI
485999,110007827628,RI
621112,110004926714,RI
62121,110004926732,RI
42469,110000758305,RI
53212,110004917485,RI
611699,110009441023,RI
92119,110004917733,RI
44419,110009441096,RI
445292,110004917966,RI
48541,110004918162,RI
62121,110004918536,RI
811111,110004920765,RI
4471,110004918992,RI
3323,110004920104,RI
44111,110004920337,RI
811111,110004920523,RI
44111,110004920587,RI
332618,110002087090,RI
811198,110004917289,RI
42349,110024428136,RI
81232,110004912523,RI
81232,110004912578,RI
811111,110004912952,RI
333319,110004913522,RI
332813,110004907245,RI
811121,110024557451,RI
32311,110000819945,RI
335129,110004908468,RI
332813,110004908734,RI
335931,110007825014,RI
811121,110004909323,RI
812199,110004909449,RI
56172,110009439633,RI
71151,110031400678,RI
62131,110031400570,RI
332116,110009440550,RI
49211,110031375786,RI
336612,110030493204,RI
48422,110031414574,RI
811111,110032659923,RI
4471,110004915058,RI
811111,110004915085,RI
3323,110007825210,RI
48849,110007825238,RI
4471,110004910936,RI
811118,110009439964,RI
44112,110004911258,RI
48699,110006531388,RI
54138,110000841965,RI
332813,110009440854,RI
62121,110004916967,RI
332813,110009441675,RI
62121,110004921997,RI
81232,110004922228,RI
62121,110004922576,RI
62121,110007827263,RI
48849,110004901045,RI
621399,110009441844,RI
44719,110004923183,RI
48849,110009441595,RI
44719,110009441906,RI
44719,110004923352,RI
4471,110004923753,RI
331491,110000312359,RI
811111,110004923986,RI
44719,110004924075,RI
454311,110004924431,RI
326113,110000499292,RI
54194,110004933555,RI
44131,110033622729,RI
811111,110006869380,RI
333512,110004902927,RI
92119,110004917083,RI
811111,110004920685,RI
334518,110004925305,RI
339932,110001663012,RI
332322,110004925886,RI
621112,110004927704,RI
3399,110002087562,RI
332813,110002087241,RI
812320,110004905176,RI
812320,110004912569,RI
332813,110000312901,RI
5614,110040860468,RI
334518,110012480494,RI
713930,110031433027,RI
339911,110021120133,RI
32612,110004909813,RI
812320,110004920676,RI
928110,110037142954,RI
3399,110040856231,RI
33995,110021278883,RI
3399,110021092440,RI
32612,110040900264,RI
325520,110002337105,RI
332813,110010955172,RI
812320,110004905899,RI
336612,110009439161,RI
332813,110021350768,RI
331522,110000312313,RI
622110,110001662576,RI
812320,110004920033,RI
325613,110021119109,RI
812320,110004929999,RI
5614,110031524321,RI
332813,110004904373,RI
324121,110021357306,RI
812320,110012218741,RI
33451,110004911677,RI
622110,110001662647,RI
812320,110021355969,RI
622110,110001663600,RI
32311,110004917396,RI
313311,110007176849,RI
622110,110021357360,RI
2211,110000820078,RI
812320,110013860839,RI
48811,110038032009,RI
48811,110038078727,RI
22121,110028052185,RI
335314,110037442032,RI
441229,110037442103,RI
811121,110037441881,RI
541921,110037442167,RI
4471,110004925671,RI
811111,110037442657,RI
81231,110004906068,RI
45439,110004917537,RI
332812,110017278060,RI
331492,110039162795,RI
54138,110004936534,RI
81111,110004905595,RI
44711,110004902124,RI
332813,110000888521,RI
336611,110004906601,RI
62121,110009442228,RI
62131,110004909788,RI
323115,110031361595,RI
81111,110004899021,RI
44112,110004899325,RI
334414,110000841929,RI
54138,110009443922,RI
221122,110038910453,RI
323122,110037442023,RI
45331,110037442069,RI
624221,110037442158,RI
334513,110004906745,RI
811118,110004906889,RI
221122,110038856084,RI
335314,110004932912,RI
336611,110004936259,RI
44313,110014441078,RI
333292,110038910177,RI
44719,110033191953,RI
62139,110038910382,RI
339911,110004902963,RI
339914,110004902963,RI
81232,110001663815,RI
48411,110004907780,RI
441222,110004916155,RI
323115,110020891105,RI
541512,110022824489,RI
236117,110031429871,RI
336413,110004903454,RI
333291,110004904293,RI
33991,110012481064,RI
445299,110004927161,RI
326122,110009441005,RI
48411,110007826585,RI
441222,110001991541,RI
335911,110045298771,RI
4471,110004924574,RI
32311,110039562906,RI
33451,110038910266,RI
4471,110009443717,RI
31331,110001664191,RI
713930,110006662753,RI
3399,110000820096,RI
337920,110000618617,RI
44111,110043192416,RI
61131,110004928124,RI
326299,110040889811,RI
531110,110017715882,RI
221330,110007215566,RI
45211,110028184532,RI
713930,110009813167,RI
713930,110004915165,RI
313221,110001663888,RI
4471,110010723182,RI
924110,110006802683,RI
331528,110010955154,RI
928110,110006908677,RI
4471,110012803074,RI
332813,110004910678,RI
331511,110001662601,RI
32191,110000313214,RI
812320,110001663272,RI
325181,110000312849,RI
325211,110002336883,RI
221330,110004932066,RI
332813,110002087214,RI
221320,110000735722,RI
33451,110000762675,RI
925110,110031520209,RI
334413,110038231160,RI
924110,110007019190,RI
3399,110004902936,RI
326113,110004909813,RI
313320,110038790975,RI
812320,110004924958,RI
2211,110001662656,RI
11142,110028184514,RI
33221,110001662683,RI
611110,110006693649,RI
3329,110004903123,RI
324121,110004904863,RI
331511,110004898905,RI
32311,110010364658,RI
713930,110028183356,RI
325211,110000819945,RI
713930,110004928099,RI
812331,110007824505,RI
3399,110002087679,RI
327310,110004907218,RI
326130,110000312340,RI
4471,110001664379,RI
713930,110015756314,RI
4471,110028184649,RI
331491,110000312518,RI
3399,110001991685,RI
3399,110001662978,RI
81112,110004899931,RI
54171,110004908789,RI
48811,110041392203,RI
48811,110041609916,RI
48811,110041393220,RI
42469,110000313045,RI
51111,110001664039,RI
3399,110012480485,RI
3261,110041234795,RI
334513,110000895087,RI
339912,110041235204,RI
332813,110041232868,RI
23899,110012803154,RI
322223,110001663316,RI
4471,110040441233,RI
488999,110006531388,RI
332999,110001664315,RI
32612,110040861172,RI
3251,110000313018,RI
336612,110040845146,RI
812320,110040899230,RI
32311,110002058825,RI
3399,110001664253,RI
3399,110040889811,RI
44711,110007827833,RI
51711,110031414039,RI
33451,110042424150,RI
62121,110041679485,RI
221122,110041695804,RI
51711,110041695840,RI
32614,110004932565,RI
811111,110004907888,RI
62211,110001662576,RI
42471,110000581282,RI
339911,110009438616,RI
333291,110032754277,RI
334518,110004903720,RI
325188,110007824355,RI
332813,110044992069,RI
326199,110035439521,RI
48411,110042394487,RI
339112,110037441863,RI
335991,110041679449,RI
713930,110041923103,RI
333515,110002087125,RI
333319,110004908226,RI
335991,110004912355,RI
327310,110042374285,RI
325211,110000701982,RI
485410,110042374347,RI
333924,110000917526,RI
313320,110001663147,RI
326199,110002087606,RI
332813,110002087376,RI
32532,110017723374,RI
44412,110043645419,RI
81111,110004905121,RI
33599,110009439740,RI
44111,110004912499,RI
325520,110043693688,RI
811121,110044931090,RI
62211,110044923429,RI
811121,110044949544,RI
32531,110000729944,RI
325132,110000753408,RI
325998,110042010203,RI
22111,110028052185,RI
32599,110000602955,RI
22131,110000547846,RI
621512,110020120858,RI
321999,110015784418,RI
811121,110004910909,RI
811111,110004911285,RI
485999,110004912328,RI
81232,110004912569,RI
334419,110002087107,RI
811121,110004913112,RI
811121,110004913130,RI
811121,110006434395,RI
811111,110004913951,RI
56173,110006119413,RI
56173,110004915236,RI
811112,110004915281,RI
4471,110004915600,RI
48521,110004916342,RI
333514,110007826424,RI
325611,110000312705,RI
62121,110004916627,RI
811111,110004917403,RI
62121,110004917680,RI
4471,110004917742,RI
339914,110004917813,RI
311223,110032893983,RI
811111,110004918386,RI
311812,110001664404,RI
62121,110004918787,RI
48811,110004919517,RI
44131,110004919704,RI
453998,110004919731,RI
811121,110004919759,RI
81232,110004920033,RI
811111,110004920541,RI
811198,110004920612,RI
44111,110004920809,RI
811121,110004920836,RI
62311,110004920872,RI
332811,110004921005,RI
721211,110007827058,RI
333924,110004921283,RI
811118,110004922157,RI
62121,110004922772,RI
621112,110009441853,RI
4471,110004923842,RI
811113,110004924805,RI
339914,110022506741,RI
332212,110004902641,RI
333515,110004902703,RI
332116,110002087385,RI
339911,110001664253,RI
322211,110004903212,RI
335931,110004903285,RI
33991,110000312448,RI
339941,110000312527,RI
332116,110002087697,RI
51111,110004904202,RI
333514,110009438858,RI
332116,110002087535,RI
6219,110004925895,RI
339911,110004926304,RI
485999,110004926475,RI
811111,110004904587,RI
313112,110004904612,RI
2211,110001663450,RI
334419,110021356003,RI
811111,110004905434,RI
62121,110004926929,RI
811121,110004927250,RI
336991,110004927303,RI
62121,110004927544,RI
62121,110004927875,RI
44111,110004905586,RI
81232,110004905899,RI
44111,110004906246,RI
48411,110000313045,RI
44111,110004906674,RI
62121,110014362572,RI
811198,110004907110,RI
811111,110004907389,RI
53212,110004907575,RI
811118,110004908333,RI
331491,110000312439,RI
71393,110004908388,RI
332116,110002087580,RI
332322,110004908761,RI
811111,110004909207,RI
811111,110004910339,RI
811198,110004910543,RI
325414,110016754369,RI
332996,110031001074,RI
33991,110017613732,RI
62121,110017613769,RI
62121,110017613778,RI
424690,110020686159,RI
325991,110000312368,RI
339911,110009450502,RI
336612,110000312581,RI
334411,110004936570,RI
313320,110000871281,RI
44411,110016712798,RI
22131,110016712878,RI
44611,110014440907,RI
61171,110014440998,RI
424710,110037250168,RI
325520,110004902712,RI
331528,110000581273,RI
325611,110035831222,RI
811121,110006434251,RI
621512,110015322863,RI
326199,110000491897,RI
562112,110000312849,RI
332813,110000312787,RI
332813,110040060563,RI
332618,110009444182,RI
337212,110000312572,RI
33322,110004908253,RI
339911,110012481858,RI
44111,110024258676,RI
339114,110018900821,RI
811121,110017278104,RI
62121,110017867450,RI
339993,110000312929,RI
2211,110000895121,RI
42393,110039512471,RI
621511,110020892293,RI
42312,110022478344,RI
621512,110004926670,RI
325992,110007827557,RI
621111,110022826067,RI
61131,110017945946,RI
62121,110004926894,RI
332618,110004903098,RI
339943,110004903114,RI
339913,110004903418,RI
92411,110000735722,RI
48541,110006693792,RI
52111,110004927278,RI
339914,110004924949,RI
562111,110022530803,RI
4471,110007827762,RI
48832,110007827799,RI
62121,110004927660,RI
62121,110004927731,RI
62121,110009440989,RI
811111,110004927857,RI
325211,110013288496,RI
325132,110004931245,RI
51711,110021015257,RI
51711,110017277524,RI
51711,110021015300,RI
3261,110004906503,RI
339911,110004906567,RI
336612,110007824667,RI
811111,110004925662,RI
333514,110009442219,RI
332813,110004904060,RI
31332,110004904266,RI
44111,110004899325,RI
4471,110004901937,RI
22132,110000735713,RI
339911,110004902552,RI
51711,110021015355,RI
32311,110004933573,RI
81232,110013361085,RI
61111,110004926019,RI
4471,110004926046,RI
332721,110004926153,RI
333518,110004917136,RI
54133,110004917314,RI
339914,110009441032,RI
621112,110004918652,RI
621112,110004921103,RI
811111,110009443897,RI
339911,110004919811,RI
811111,110004920088,RI
811198,110004899138,RI
332991,110004920220,RI
33991,110004920257,RI
339911,110004920596,RI
323119,110001663496,RI
333512,110004912131,RI
33991,110004912140,RI
221122,110004912676,RI
339914,110009439250,RI
44711,110004902160,RI
71393,110004921416,RI
33991,110009439483,RI
332813,110004908574,RI
332999,110002087287,RI
31332,110001663147,RI
332813,110004908921,RI
3219,110000499318,RI
339911,110004909056,RI
812332,110001663263,RI
336611,110004909369,RI
811121,110004909528,RI
48551,110004907735,RI
339914,110009439367,RI
324199,110004907833,RI
313311,110001134264,RI
334519,110004908084,RI
42314,110031437336,RI
33991,110009440426,RI
61151,110031390411,RI
44611,110031315468,RI
23832,110031285348,RI
54194,110031412727,RI
62121,110032659941,RI
81112,110032659950,RI
332813,110032659969,RI
44111,110032659987,RI
811111,110004914406,RI
323119,110002058861,RI
454311,110007826228,RI
4471,110007826291,RI
31323,110004909966,RI
316991,110002087330,RI
621112,110004910491,RI
332813,110009440033,RI
44711,110004902428,RI
4471,110004915646,RI
4471,110004915655,RI
336612,110004916672,RI
62121,110004922442,RI
81232,110004922665,RI
44719,110006434545,RI
4471,110004923209,RI
44719,110000820050,RI
44719,110004923218,RI
33995,110001664299,RI
621511,110004921675,RI
4471,110009438554,RI
4471,110004923316,RI
44719,110004923325,RI
4471,110004923398,RI
339911,110004924388,RI
622110,110004909047,RI
45211,110033622694,RI
45211,110033622701,RI
332116,110004903659,RI
811111,110004907600,RI
332116,110009439777,RI
81232,110004897746,RI
92119,110004913194,RI
44112,110004916912,RI
811198,110004917412,RI
454311,110004919205,RI
454311,110004923058,RI
811111,110004926849,RI
22121,110006537701,RI
62121,110017775255,RI
622110,110004908949,RI
337110,110021278829,RI
812320,110004920113,RI
335110,110004913041,RI
3399,110000313161,RI
3399,110021278909,RI
339999,110021278918,RI
32612,110004906558,RI
812320,110007826399,RI
32612,110002087312,RI
332813,110011554825,RI
622110,110004915986,RI
812320,110004911329,RI
336612,110021092501,RI
331511,110004924501,RI
3399,110021347425,RI
334119,110004930727,RI
332721,110021119840,RI
812320,110012481705,RI
812320,110004915959,RI
3251,110001664574,RI
611110,110021489290,RI
334412,110001991694,RI
611310,110001664084,RI
339941,110004929613,RI
812331,110001663548,RI
332813,110021105329,RI
3251,110000313189,RI
32612,110021357342,RI
313111,110001663904,RI
332722,110009443352,RI
48811,110038032027,RI
313312,110000312117,RI
336412,110000498202,RI
811121,110037441818,RI
811122,110037441827,RI
54194,110037441836,RI
4471,110004925163,RI
332618,110000819909,RI
312113,110007825595,RI
811111,110004905336,RI
62121,110004928525,RI
452112,110009445001,RI
42393,110037441970,RI
711212,110011779913,RI
332996,110009438929,RI
621511,110004909582,RI
72241,110028184532,RI
812922,110032960188,RI
811121,110004899851,RI
334512,110000895087,RI
313312,110004905032,RI
811198,110006119342,RI
62121,110009444093,RI
62121,110009444191,RI
54133,110012483268,RI
332999,110000312475,RI
326199,110004919474,RI
4471,110004905835,RI
32562,110009439250,RI
221122,110038910471,RI
221122,110038910514,RI
236117,110038910140,RI
62121,110038910202,RI
54194,110038910391,RI
332116,110000313009,RI
322213,110004903310,RI
811118,110015824697,RI
811111,110016712707,RI
44131,110004908663,RI
811411,110022305405,RI
811113,110024439794,RI
23621,110031429871,RI
332999,110000312260,RI
44111,110004917001,RI
44131,110004898745,RI
81111,110043860499,RI
62121,110004896658,RI
323112,110039562844,RI
334417,110012565526,RI
335921,110012565526,RI
811111,110039562915,RI
325211,110002087429,RI
332999,110000312331,RI
326299,110002087777,RI
336612,110007400785,RI
482111,110010955181,RI
335999,110012798641,RI
811111,110004913595,RI
441222,110043422524,RI
532412,110043422542,RI
333512,110002087125,RI
327910,110000762951,RI
339911,110000901481,RI
339911,110000312288,RI
327212,110000313232,RI
332813,110013288496,RI
811121,110004913425,RI
81111,110004931423,RI
221112,110009450478,RI
611310,110009812694,RI
813110,110024907065,RI
3399,110002087447,RI
32311,110004899888,RI
493120,110016692337,RI
924110,110013738045,RI
3251,110038231160,RI
3329,110009439107,RI
4442,110000312705,RI
3399,110001662923,RI
325520,110000312616,RI
332813,110000904996,RI
4471,110009440006,RI
334413,110007176812,RI
332813,110000491897,RI
334413,110000841929,RI
812320,110001663780,RI
11251,110006693685,RI
311411,110002316048,RI
812332,110001663290,RI
313221,110001663940,RI
622110,110004920872,RI
713930,110032602075,RI
333414,110007176956,RI
221320,110000562472,RI
325211,110007176830,RI
331491,110010955154,RI
313311,110000312251,RI
313311,110039184263,RI
4471,110009440676,RI
4471,110009440729,RI
3399,110001663325,RI
333414,110007176803,RI
488490,110004926475,RI
928110,110009813130,RI
331491,110000312484,RI
324121,110007176518,RI
332813,110000312661,RI
339911,110000890153,RI
4471,110009440015,RI
221320,110007215557,RI
326211,110009813069,RI
237210,110009439009,RI
332813,110002087571,RI
313311,110000312279,RI
333911,110000312698,RI
488490,110037119935,RI
333512,110024907074,RI
32311,110004904159,RI
48811,110041392150,RI
48811,110041393186,RI
3399,110041217439,RI
334518,110004906326,RI
812320,110004909074,RI
812320,110041228533,RI
32311,110004920532,RI
3399,110001663423,RI
92811,110041695733,RI
51711,110041695797,RI
32311,110004927232,RI
562998,110000618662,RI
331419,110009439768,RI
325188,110004936366,RI
42469,110000888889,RI
339913,110000312938,RI
44611,110001663913,RI
33211,110012480494,RI
562112,110041679528,RI
454112,110042191918,RI
713930,110041923167,RI
483111,110041923229,RI
325188,110002087223,RI
336612,110001662521,RI
424710,110002087544,RI
323111,110000312830,RI
339911,110002087615,RI
339113,110000819874,RI
336612,110039128066,RI
339913,110000313081,RI
339911,110001662969,RI
331491,110001663414,RI
331422,110002337114,RI
332813,110002087296,RI
45299,110009442479,RI
332813,110001134273,RI
811198,110004916949,RI
339993,110001141657,RI
335999,110000312992,RI
332813,110012481858,RI
23622,110031429871,RI
32311,110004933270,RI
81111,110044949544,RI
